,CLOSE_DEF_PERSON_ID,PLAYER_NAME,PLAYER_LAST_TEAM_ID,PLAYER_LAST_TEAM_ABBREVIATION,PLAYER_POSITION,AGE,GP,G,FREQ,D_FGM,D_FGA,D_FG_PCT,NORMAL_FG_PCT,PCT_PLUSMINUS
0,203497,Rudy Gobert,1610612762,UTA,C,29.0,27,27,1.0,7.15,18.22,0.392,0.473,-0.081
1,202696,Nikola Vucevic,1610612741,CHI,C,31.0,20,20,1.0,8.25,17.75,0.465,0.471,-0.007
2,203999,Nikola Jokic,1610612743,DEN,C,26.0,23,23,1.0,9.0,17.39,0.518,0.485,0.033
3,1629028,Deandre Ayton,1610612756,PHX,C,23.0,19,19,1.0,7.05,16.74,0.421,0.478,-0.057
4,1627751,Jakob Poeltl,1610612759,SAS,C,26.0,20,20,1.0,7.85,16.55,0.474,0.492,-0.018
5,1630596,Evan Mobley,1610612739,CLE,C,20.0,25,25,1.0,7.12,16.52,0.431,0.461,-0.03
6,203076,Anthony Davis,1610612747,LAL,F-C,28.0,26,26,1.0,7.58,16.31,0.465,0.455,0.01
7,203954,Joel Embiid,1610612755,PHI,C-F,27.0,18,18,1.0,7.28,16.22,0.449,0.478,-0.029
8,1626174,Christian Wood,1610612745,HOU,F,26.0,27,27,1.0,7.11,15.89,0.448,0.453,-0.006
9,203991,Clint Capela,1610612737,ATL,C,27.0,28,28,1.0,7.18,15.57,0.461,0.478,-0.017
10,1628970,Miles Bridges,1610612766,CHA,F,23.0,29,29,1.0,6.72,15.28,0.44,0.454,-0.014
11,1626167,Myles Turner,1610612754,IND,C-F,25.0,29,29,1.0,7.14,15.1,0.473,0.477,-0.004
12,1628964,Mo Bamba,1610612753,ORL,C,23.0,27,27,1.0,6.56,14.96,0.438,0.478,-0.04
13,1628381,John Collins,1610612737,ATL,F-C,24.0,28,28,1.0,6.39,14.64,0.437,0.463,-0.027
14,1630567,Scottie Barnes,1610612761,TOR,F,20.0,26,26,1.0,6.62,14.38,0.46,0.454,0.006
15,1628386,Jarrett Allen,1610612739,CLE,C,23.0,27,27,1.0,6.41,14.37,0.446,0.48,-0.034
16,1626157,Karl-Anthony Towns,1610612750,MIN,C-F,26.0,27,27,1.0,6.74,14.26,0.473,0.482,-0.009
17,201143,Al Horford,1610612738,BOS,C-F,35.0,24,24,1.0,6.21,14.17,0.438,0.465,-0.027
18,202685,Jonas Valanciunas,1610612740,NOP,C,29.0,30,30,1.0,7.2,14.13,0.509,0.491,0.018
19,202704,Reggie Jackson,1610612746,LAC,G,31.0,29,29,1.0,6.14,13.69,0.448,0.439,0.009
20,203468,CJ McCollum,1610612757,POR,G,30.0,24,24,1.0,6.17,13.5,0.457,0.444,0.013
21,1628366,Lonzo Ball,1610612741,CHI,G,24.0,27,27,1.0,6.3,13.44,0.468,0.44,0.028
22,1627783,Pascal Siakam,1610612761,TOR,F,27.0,17,17,1.0,6.0,13.41,0.447,0.455,-0.007
23,1626171,Bobby Portis,1610612749,MIL,F,26.0,25,25,1.0,5.0,13.32,0.375,0.458,-0.082
24,1630191,Isaiah Stewart,1610612765,DET,F-C,20.0,24,24,1.0,5.79,13.17,0.44,0.471,-0.031
25,203507,Giannis Antetokounmpo,1610612749,MIL,F,27.0,26,26,1.0,5.85,13.12,0.446,0.461,-0.016
26,1629647,Darius Bazley,1610612760,OKC,F,21.0,27,27,1.0,6.41,13.11,0.489,0.46,0.028
27,1627734,Domantas Sabonis,1610612754,IND,F-C,25.0,30,30,1.0,6.1,13.03,0.468,0.467,0.001
28,1630556,Kessler Edwards,1610612751,BKN,F,21.0,2,2,1.0,5.5,13.0,0.423,0.438,-0.015
29,1627826,Ivica Zubac,1610612746,LAC,C,24.0,29,29,1.0,6.28,12.97,0.484,0.477,0.007
30,1628976,Wendell Carter Jr.,1610612753,ORL,C-F,22.0,29,29,1.0,5.66,12.93,0.437,0.474,-0.037
31,201142,Kevin Durant,1610612751,BKN,F,33.0,26,26,1.0,5.62,12.92,0.435,0.453,-0.018
32,204001,Kristaps Porzingis,1610612742,DAL,F-C,26.0,21,21,1.0,6.0,12.9,0.465,0.465,0.0
33,203952,Andrew Wiggins,1610612744,GSW,F,26.0,28,28,1.0,5.68,12.89,0.44,0.452,-0.012
34,1628404,Josh Hart,1610612740,NOP,G,26.0,23,23,1.0,6.57,12.87,0.51,0.449,0.062
35,1628374,Lauri Markkanen,1610612739,CLE,F-C,24.0,21,21,1.0,5.57,12.76,0.437,0.469,-0.033
36,203486,Mason Plumlee,1610612766,CHA,F-C,31.0,20,20,1.0,6.3,12.65,0.498,0.5,-0.001
37,203944,Julius Randle,1610612752,NYK,F-C,27.0,28,28,1.0,5.79,12.54,0.462,0.474,-0.013
38,203457,Nerlens Noel,1610612752,NYK,C-F,27.0,14,14,1.0,6.0,12.43,0.483,0.48,0.002
39,1629655,Daniel Gafford,1610612764,WAS,F-C,23.0,26,26,1.0,5.92,12.42,0.477,0.474,0.003
40,201935,James Harden,1610612751,BKN,G,32.0,26,26,1.0,5.5,12.38,0.444,0.454,-0.01
41,1628398,Kyle Kuzma,1610612764,WAS,F,26.0,27,27,1.0,5.41,12.26,0.441,0.458,-0.017
42,1628464,Daniel Theis,1610612745,HOU,F-C,29.0,19,19,1.0,5.68,12.21,0.466,0.46,0.006
43,1626192,Pat Connaughton,1610612749,MIL,G,28.0,30,30,1.0,6.0,12.17,0.493,0.446,0.047
44,1628384,OG Anunoby,1610612761,TOR,F,24.0,15,15,1.0,5.07,12.13,0.418,0.446,-0.029
45,1630162,Anthony Edwards,1610612750,MIN,G,20.0,28,28,1.0,6.04,12.11,0.499,0.454,0.045
46,1627832,Fred VanVleet,1610612761,TOR,G,27.0,27,27,1.0,5.19,12.07,0.429,0.445,-0.016
47,1630595,Cade Cunningham,1610612765,DET,G,20.0,21,21,1.0,5.76,12.05,0.478,0.454,0.024
48,1626220,Royce O'Neale,1610612762,UTA,F,28.0,25,25,1.0,5.32,11.96,0.445,0.457,-0.012
49,1629659,Talen Horton-Tucker,1610612747,LAL,G,21.0,15,15,1.0,5.93,11.93,0.497,0.435,0.062
50,200768,Kyle Lowry,1610612748,MIA,G,35.0,27,27,1.0,5.74,11.93,0.481,0.452,0.029
51,1630532,Franz Wagner,1610612753,ORL,F,20.0,29,29,1.0,5.38,11.9,0.452,0.453,-0.001
52,1628991,Jaren Jackson Jr.,1610612763,MEM,F-C,22.0,28,28,1.0,4.93,11.89,0.414,0.467,-0.052
53,1627827,Dorian Finney-Smith,1610612742,DAL,F,28.0,28,28,1.0,5.39,11.89,0.453,0.458,-0.005
54,1629029,Luka Doncic,1610612742,DAL,F-G,22.0,21,21,1.0,5.9,11.86,0.498,0.457,0.041
55,1627749,Dejounte Murray,1610612759,SAS,G,25.0,27,27,1.0,6.33,11.85,0.534,0.454,0.08
56,1628401,Derrick White,1610612759,SAS,G,27.0,27,27,1.0,4.93,11.85,0.416,0.441,-0.025
57,1626158,Richaun Holmes,1610612758,SAC,F,28.0,21,21,1.0,5.76,11.71,0.492,0.479,0.013
58,1629023,P.J. Washington,1610612766,CHA,F,23.0,17,17,1.0,5.71,11.71,0.487,0.47,0.017
59,1627759,Jaylen Brown,1610612738,BOS,G-F,25.0,14,14,1.0,4.79,11.71,0.409,0.449,-0.04
60,2544,LeBron James,1610612747,LAL,F,36.0,17,17,1.0,5.0,11.71,0.427,0.45,-0.023
61,203482,Kelly Olynyk,1610612765,DET,F-C,30.0,10,10,1.0,6.0,11.7,0.513,0.448,0.065
62,1626163,Frank Kaminsky,1610612756,PHX,F-C,28.0,9,9,1.0,5.56,11.67,0.476,0.47,0.006
63,202331,Paul George,1610612746,LAC,F,31.0,24,24,1.0,4.92,11.63,0.423,0.443,-0.02
64,1628983,Shai Gilgeous-Alexander,1610612760,OKC,G,23.0,24,24,1.0,5.08,11.58,0.439,0.436,0.003
65,203109,Jae Crowder,1610612756,PHX,F,31.0,27,27,1.0,5.11,11.56,0.442,0.457,-0.015
66,1626164,Devin Booker,1610612756,PHX,G,25.0,21,21,1.0,4.81,11.52,0.417,0.434,-0.017
67,201933,Blake Griffin,1610612751,BKN,F,32.0,20,20,1.0,4.95,11.5,0.43,0.464,-0.034
68,1628368,De'Aaron Fox,1610612758,SAC,G,23.0,28,28,1.0,5.46,11.46,0.477,0.439,0.038
69,1629652,Luguentz Dort,1610612760,OKC,G,22.0,25,25,1.0,4.52,11.44,0.395,0.439,-0.044
70,1629011,Mitchell Robinson,1610612752,NYK,C-F,23.0,25,25,1.0,5.4,11.36,0.475,0.466,0.01
71,1626156,D'Angelo Russell,1610612750,MIN,G,25.0,23,23,1.0,4.83,11.35,0.425,0.45,-0.024
72,203935,Marcus Smart,1610612738,BOS,G,27.0,27,27,1.0,5.19,11.3,0.459,0.445,0.014
73,1630178,Tyrese Maxey,1610612755,PHI,G,21.0,28,28,1.0,5.18,11.29,0.459,0.441,0.018
74,1629002,Chimezie Metu,1610612758,SAC,F-C,24.0,15,15,1.0,5.0,11.27,0.444,0.459,-0.015
75,1628969,Mikal Bridges,1610612756,PHX,F,25.0,27,27,1.0,4.48,11.22,0.399,0.439,-0.04
76,1630173,Precious Achiuwa,1610612761,TOR,F,22.0,21,21,1.0,5.14,11.19,0.46,0.466,-0.007
77,1629631,De'Andre Hunter,1610612737,ATL,F-G,24.0,11,11,1.0,5.36,11.18,0.48,0.456,0.023
78,1628389,Bam Adebayo,1610612748,MIA,C-F,24.0,18,18,1.0,4.56,11.17,0.408,0.473,-0.065
79,203932,Aaron Gordon,1610612743,DEN,F,26.0,28,28,1.0,4.75,11.14,0.426,0.463,-0.037
80,1627763,Malcolm Brogdon,1610612754,IND,G,29.0,25,25,1.0,5.08,11.12,0.457,0.445,0.012
81,203110,Draymond Green,1610612744,GSW,F,31.0,27,27,1.0,4.7,11.11,0.423,0.462,-0.039
82,203925,Joe Harris,1610612751,BKN,G-F,30.0,14,14,1.0,5.43,11.07,0.49,0.438,0.053
83,201950,Jrue Holiday,1610612749,MIL,G,31.0,24,24,1.0,4.54,11.04,0.411,0.432,-0.021
84,203496,Robert Covington,1610612757,POR,F,31.0,29,29,1.0,5.21,11.03,0.472,0.47,0.002
85,201572,Brook Lopez,1610612749,MIL,C,33.0,1,1,1.0,3.0,11.0,0.273,0.498,-0.225
86,1629640,Keldon Johnson,1610612759,SAS,F-G,22.0,26,26,1.0,5.0,10.96,0.456,0.448,0.008
87,202689,Kemba Walker,1610612752,NYK,G,31.0,18,18,1.0,5.56,10.94,0.508,0.443,0.064
88,203084,Harrison Barnes,1610612758,SAC,F,29.0,23,23,1.0,5.52,10.87,0.508,0.462,0.046
89,1629057,Robert Williams III,1610612738,BOS,C-F,24.0,21,21,1.0,4.48,10.86,0.412,0.458,-0.046
90,203081,Damian Lillard,1610612757,POR,G,31.0,23,23,1.0,4.91,10.83,0.454,0.456,-0.003
91,200746,LaMarcus Aldridge,1610612751,BKN,C-F,36.0,25,25,1.0,4.92,10.8,0.456,0.455,0.0
92,203500,Steven Adams,1610612763,MEM,C,28.0,29,29,1.0,4.93,10.79,0.457,0.492,-0.035
93,1628392,Isaiah Hartenstein,1610612746,LAC,C-F,23.0,28,28,1.0,4.57,10.75,0.425,0.463,-0.038
94,1630529,Herbert Jones,1610612740,NOP,F,23.0,27,27,1.0,4.89,10.7,0.457,0.44,0.016
95,1630256,Jae'Sean Tate,1610612745,HOU,F,26.0,28,28,1.0,4.61,10.68,0.431,0.449,-0.017
96,1628415,Dillon Brooks,1610612763,MEM,G-F,25.0,15,15,1.0,5.0,10.67,0.469,0.437,0.032
97,1628369,Jayson Tatum,1610612738,BOS,F-G,23.0,28,28,1.0,4.68,10.64,0.44,0.448,-0.008
98,200782,P.J. Tucker,1610612748,MIA,F,36.0,29,29,1.0,4.59,10.62,0.432,0.451,-0.019
99,1629726,Garrison Mathews,1610612745,HOU,G,25.0,15,15,1.0,4.47,10.6,0.421,0.44,-0.019
100,1630165,Killian Hayes,1610612765,DET,G,20.0,21,21,1.0,5.1,10.57,0.482,0.445,0.037
101,1630175,Cole Anthony,1610612753,ORL,G,21.0,23,23,1.0,5.17,10.57,0.49,0.446,0.044
102,1630537,Chris Duarte,1610612754,IND,G,24.0,28,28,1.0,4.54,10.57,0.429,0.44,-0.011
103,203078,Bradley Beal,1610612764,WAS,G,28.0,26,26,1.0,4.96,10.54,0.471,0.461,0.01
104,1626149,Montrezl Harrell,1610612764,WAS,F-C,27.0,29,29,1.0,4.86,10.48,0.464,0.478,-0.014
105,203992,Bogdan Bogdanovic,1610612737,ATL,G,29.0,20,20,1.0,4.85,10.4,0.466,0.439,0.028
106,1626162,Kelly Oubre Jr.,1610612766,CHA,F-G,26.0,29,29,1.0,5.14,10.38,0.495,0.455,0.04
107,1630591,Jalen Suggs,1610612753,ORL,G,20.0,21,21,1.0,4.33,10.33,0.419,0.455,-0.036
108,1627741,Buddy Hield,1610612758,SAC,G,28.0,28,28,1.0,4.96,10.29,0.483,0.447,0.036
109,1630166,Deni Avdija,1610612764,WAS,F,20.0,29,29,1.0,3.9,10.28,0.379,0.445,-0.066
110,203994,Jusuf Nurkic,1610612757,POR,C,27.0,29,29,1.0,5.59,10.28,0.544,0.5,0.043
111,202330,Gordon Hayward,1610612766,CHA,F,31.0,29,29,1.0,4.52,10.28,0.44,0.45,-0.011
112,1629638,Nickeil Alexander-Walker,1610612740,NOP,G,23.0,30,30,1.0,4.67,10.2,0.458,0.441,0.016
113,1629639,Tyler Herro,1610612748,MIA,G,21.0,25,25,1.0,4.32,10.2,0.424,0.434,-0.01
114,1629628,RJ Barrett,1610612752,NYK,F-G,21.0,25,25,1.0,4.12,10.2,0.404,0.445,-0.041
115,203897,Zach LaVine,1610612741,CHI,G-F,26.0,27,27,1.0,4.52,10.19,0.444,0.439,0.005
116,201145,Jeff Green,1610612743,DEN,F,35.0,28,28,1.0,5.14,10.18,0.505,0.468,0.038
117,1628960,Grayson Allen,1610612749,MIL,G,26.0,29,29,1.0,3.97,10.17,0.39,0.434,-0.044
118,201144,Mike Conley,1610612762,UTA,G,34.0,25,25,1.0,4.52,10.16,0.445,0.437,0.008
119,202699,Tobias Harris,1610612755,PHI,F,29.0,20,20,1.0,5.0,10.15,0.493,0.453,0.039
120,1626179,Terry Rozier,1610612766,CHA,G,27.0,20,20,1.0,4.55,10.15,0.448,0.441,0.007
121,1626181,Norman Powell,1610612757,POR,G,28.0,25,25,1.0,4.44,10.12,0.439,0.45,-0.011
122,202355,Hassan Whiteside,1610612762,UTA,C,32.0,25,25,1.0,4.56,10.12,0.451,0.471,-0.02
123,1630183,Jaden McDaniels,1610612750,MIN,F,21.0,25,25,1.0,4.52,10.08,0.448,0.446,0.003
124,1628467,Maxi Kleber,1610612742,DAL,F,29.0,18,18,1.0,4.39,10.06,0.436,0.456,-0.02
125,1630169,Tyrese Haliburton,1610612758,SAC,G,21.0,26,26,1.0,4.69,10.04,0.467,0.437,0.03
126,201566,Russell Westbrook,1610612747,LAL,G,33.0,29,29,1.0,4.69,10.03,0.467,0.45,0.018
127,202694,Marcus Morris Sr.,1610612746,LAC,F,32.0,13,13,1.0,5.31,10.0,0.531,0.456,0.075
128,1629008,Michael Porter Jr.,1610612743,DEN,F,23.0,8,8,1.0,4.13,10.0,0.413,0.471,-0.058
129,203115,Will Barton,1610612743,DEN,G,30.0,24,24,1.0,4.29,10.0,0.429,0.451,-0.022
130,1628035,Alfonzo McKinnie,1610612741,CHI,F,29.0,1,1,1.0,5.0,10.0,0.5,0.428,0.072
131,201980,Danny Green,1610612755,PHI,G,34.0,22,22,1.0,4.27,9.91,0.431,0.446,-0.015
132,1630163,LaMelo Ball,1610612766,CHA,G,20.0,23,23,1.0,4.04,9.91,0.408,0.444,-0.036
133,201588,George Hill,1610612749,MIL,G,35.0,24,24,1.0,4.75,9.88,0.481,0.435,0.046
134,1630171,Isaac Okoro,1610612739,CLE,F-G,20.0,23,23,1.0,3.96,9.87,0.401,0.451,-0.05
135,1629130,Duncan Robinson,1610612748,MIA,F,27.0,29,29,1.0,4.93,9.83,0.502,0.449,0.053
136,1630559,Austin Reaves,1610612747,LAL,G,23.0,17,17,1.0,3.41,9.82,0.347,0.43,-0.083
137,1630172,Patrick Williams,1610612741,CHI,F,20.0,5,5,1.0,5.0,9.8,0.51,0.436,0.074
138,203920,Khem Birch,1610612761,TOR,C,29.0,15,15,1.0,5.27,9.8,0.537,0.48,0.057
139,1627936,Alex Caruso,1610612741,CHI,G,27.0,24,24,1.0,3.83,9.79,0.391,0.44,-0.048
140,203471,Dennis Schroder,1610612738,BOS,G,28.0,27,27,1.0,4.33,9.78,0.443,0.444,-0.001
141,1630581,Josh Giddey,1610612760,OKC,G,19.0,25,25,1.0,4.28,9.76,0.439,0.456,-0.017
142,1629651,Nic Claxton,1610612751,BKN,F-C,22.0,10,10,1.0,4.1,9.7,0.423,0.45,-0.027
143,1629636,Darius Garland,1610612739,CLE,G,21.0,28,28,1.0,4.5,9.64,0.467,0.431,0.036
144,1630217,Desmond Bane,1610612763,MEM,G,23.0,29,29,1.0,4.45,9.62,0.462,0.449,0.013
145,1629630,Ja Morant,1610612763,MEM,G,22.0,19,19,1.0,4.95,9.58,0.516,0.452,0.065
146,203552,Seth Curry,1610612755,PHI,G,31.0,26,26,1.0,4.54,9.58,0.474,0.436,0.038
147,1628998,Cody Martin,1610612766,CHA,F,26.0,27,27,1.0,4.52,9.56,0.473,0.452,0.021
148,1630558,Davion Mitchell,1610612758,SAC,G,23.0,28,28,1.0,3.75,9.5,0.395,0.433,-0.038
149,1626172,Kevon Looney,1610612744,GSW,F,25.0,28,28,1.0,4.07,9.5,0.429,0.468,-0.04
150,1629684,Grant Williams,1610612738,BOS,F,23.0,28,28,1.0,4.21,9.43,0.447,0.453,-0.006
151,1630578,Alperen Sengun,1610612745,HOU,C,19.0,27,27,1.0,4.78,9.41,0.508,0.456,0.051
152,1627777,Georges Niang,1610612755,PHI,F,28.0,28,28,1.0,4.46,9.39,0.475,0.462,0.013
153,203114,Khris Middleton,1610612749,MIL,F,30.0,21,21,1.0,4.05,9.38,0.431,0.434,-0.003
154,202692,Alec Burks,1610612752,NYK,G,30.0,27,27,1.0,3.81,9.3,0.41,0.455,-0.045
155,1629027,Trae Young,1610612737,ATL,G,23.0,28,28,1.0,3.82,9.21,0.415,0.435,-0.02
156,1629642,Nassir Little,1610612757,POR,F-G,21.0,25,25,1.0,3.92,9.2,0.426,0.446,-0.02
157,203458,Alex Len,1610612758,SAC,C,28.0,21,21,1.0,4.57,9.19,0.497,0.492,0.006
158,1629645,Kevin Porter Jr.,1610612745,HOU,G-F,21.0,19,19,1.0,3.89,9.11,0.428,0.437,-0.009
159,1630224,Jalen Green,1610612745,HOU,G,19.0,18,18,1.0,4.39,9.11,0.482,0.434,0.048
160,203915,Spencer Dinwiddie,1610612764,WAS,G,28.0,25,25,1.0,3.96,9.08,0.436,0.452,-0.016
161,1629001,De'Anthony Melton,1610612763,MEM,G,23.0,26,26,1.0,4.35,9.08,0.479,0.444,0.035
162,1629629,Cam Reddish,1610612737,ATL,F-G,22.0,24,24,1.0,4.21,9.04,0.465,0.442,0.023
163,201580,JaVale McGee,1610612756,PHX,C-F,33.0,27,27,1.0,4.26,8.89,0.479,0.472,0.007
164,1627742,Brandon Ingram,1610612740,NOP,F,24.0,23,23,1.0,3.91,8.87,0.441,0.451,-0.01
165,2546,Carmelo Anthony,1610612747,LAL,F,37.0,29,29,1.0,3.86,8.86,0.436,0.443,-0.007
166,203083,Andre Drummond,1610612755,PHI,C,28.0,28,28,1.0,4.25,8.86,0.48,0.477,0.003
167,203501,Tim Hardaway Jr.,1610612742,DAL,G-F,29.0,28,28,1.0,4.04,8.86,0.456,0.443,0.013
168,1630526,Jeremiah Robinson-Earl,1610612760,OKC,F,21.0,27,27,1.0,4.26,8.78,0.485,0.458,0.027
169,202710,Jimmy Butler,1610612748,MIA,F,32.0,18,18,1.0,3.94,8.78,0.449,0.441,0.009
170,202339,Eric Bledsoe,1610612746,LAC,G,32.0,29,29,1.0,4.21,8.76,0.48,0.439,0.041
171,1629667,Jalen McDaniels,1610612766,CHA,F-C,23.0,19,19,1.0,4.21,8.74,0.482,0.441,0.041
172,1629680,Matisse Thybulle,1610612755,PHI,G-F,24.0,22,22,1.0,3.09,8.73,0.354,0.44,-0.086
173,203939,Dwight Powell,1610612742,DAL,F-C,30.0,28,28,1.0,4.25,8.71,0.488,0.492,-0.004
174,1628971,Bruce Brown,1610612751,BKN,G-F,25.0,24,24,1.0,3.33,8.67,0.385,0.439,-0.054
175,201939,Stephen Curry,1610612744,GSW,G,33.0,26,26,1.0,3.31,8.65,0.382,0.441,-0.059
176,201565,Derrick Rose,1610612752,NYK,G,33.0,25,25,1.0,3.16,8.64,0.366,0.443,-0.077
177,203200,Justin Holiday,1610612754,IND,F-G,32.0,24,24,1.0,4.13,8.63,0.478,0.435,0.043
178,1628984,Devonte' Graham,1610612740,NOP,G,26.0,27,27,1.0,3.89,8.56,0.455,0.44,0.014
179,1629731,Dean Wade,1610612739,CLE,F-C,25.0,20,20,1.0,4.65,8.5,0.547,0.468,0.079
180,1629611,Terance Mann,1610612746,LAC,G-F,25.0,28,28,1.0,3.64,8.43,0.432,0.441,-0.009
181,203145,Kent Bazemore,1610612747,LAL,G-F,32.0,19,19,1.0,3.53,8.42,0.419,0.435,-0.016
182,201567,Kevin Love,1610612739,CLE,F-C,33.0,22,22,1.0,3.5,8.41,0.416,0.465,-0.049
183,202711,Bojan Bogdanovic,1610612762,UTA,F,32.0,27,27,1.0,4.37,8.37,0.522,0.446,0.076
184,201988,Patty Mills,1610612751,BKN,G,33.0,28,28,1.0,3.46,8.36,0.415,0.434,-0.019
185,1630180,Saddiq Bey,1610612765,DET,F,22.0,26,26,1.0,4.58,8.35,0.548,0.455,0.094
186,1628997,Caleb Martin,1610612748,MIA,F,26.0,22,22,1.0,3.05,8.27,0.368,0.439,-0.071
187,203924,Jerami Grant,1610612765,DET,F,27.0,24,24,1.0,3.96,8.25,0.48,0.463,0.017
188,1628370,Malik Monk,1610612747,LAL,G,23.0,28,28,1.0,3.18,8.25,0.385,0.438,-0.052
189,1628989,Kevin Huerter,1610612737,ATL,G-F,23.0,27,27,1.0,3.67,8.22,0.446,0.433,0.013
190,202357,Nemanja Bjelica,1610612744,GSW,F,33.0,28,28,1.0,3.68,8.21,0.448,0.449,-0.001
191,203926,Doug McDermott,1610612759,SAS,F,29.0,20,20,1.0,4.1,8.2,0.5,0.434,0.066
192,101108,Chris Paul,1610612756,PHX,G,36.0,27,27,1.0,3.85,8.19,0.471,0.449,0.021
193,1628420,Monte Morris,1610612743,DEN,G,26.0,28,28,1.0,3.25,8.11,0.401,0.445,-0.045
194,1628973,Jalen Brunson,1610612742,DAL,G,25.0,27,27,1.0,3.67,8.11,0.452,0.436,0.016
195,203095,Evan Fournier,1610612752,NYK,G-F,29.0,28,28,1.0,3.36,8.11,0.414,0.443,-0.029
196,201976,Patrick Beverley,1610612750,MIN,G,33.0,20,20,1.0,2.8,8.1,0.346,0.445,-0.1
197,1629012,Collin Sexton,1610612739,CLE,G,22.0,11,11,1.0,3.55,8.09,0.438,0.437,0.001
198,201568,Danilo Gallinari,1610612737,ATL,F,33.0,25,25,1.0,4.04,8.08,0.5,0.442,0.058
199,1629020,Jarred Vanderbilt,1610612750,MIN,F,22.0,27,27,1.0,3.48,8.07,0.431,0.475,-0.044
200,201942,DeMar DeRozan,1610612741,CHI,G-F,32.0,24,24,1.0,3.63,8.0,0.453,0.441,0.013
201,201587,Nicolas Batum,1610612746,LAC,G-F,33.0,15,15,1.0,3.27,8.0,0.408,0.448,-0.04
202,1629003,Shake Milton,1610612755,PHI,G-F,25.0,24,24,1.0,3.46,8.0,0.432,0.449,-0.016
203,203903,Jordan Clarkson,1610612762,UTA,G,29.0,27,27,1.0,3.59,7.96,0.451,0.436,0.015
204,203090,Maurice Harkless,1610612758,SAC,F-G,28.0,18,18,1.0,3.33,7.94,0.42,0.447,-0.028
205,1626196,Josh Richardson,1610612738,BOS,G,28.0,20,20,1.0,3.8,7.9,0.481,0.445,0.036
206,203526,Raul Neto,1610612764,WAS,G,29.0,28,28,1.0,3.71,7.86,0.473,0.438,0.034
207,1627884,Derrick Jones Jr.,1610612741,CHI,F,24.0,22,22,1.0,3.45,7.82,0.442,0.466,-0.024
208,203484,Kentavious Caldwell-Pope,1610612764,WAS,G,28.0,29,29,1.0,3.59,7.79,0.46,0.448,0.012
209,1629139,Yuta Watanabe,1610612761,TOR,G-F,27.0,9,9,1.0,3.56,7.78,0.457,0.452,0.005
210,1629661,Cameron Johnson,1610612756,PHX,F,25.0,27,27,1.0,3.89,7.78,0.5,0.444,0.056
211,1628378,Donovan Mitchell,1610612762,UTA,G,25.0,26,26,1.0,3.77,7.77,0.485,0.438,0.047
212,1628963,Marvin Bagley III,1610612758,SAC,F,22.0,13,13,1.0,2.85,7.77,0.366,0.45,-0.084
213,1629234,Drew Eubanks,1610612759,SAS,F-C,24.0,26,26,1.0,3.54,7.77,0.455,0.463,-0.007
214,1628379,Luke Kennard,1610612746,LAC,G,25.0,29,29,1.0,2.86,7.76,0.369,0.439,-0.07
215,1629014,Anfernee Simons,1610612757,POR,G,22.0,24,24,1.0,4.0,7.75,0.516,0.448,0.068
216,1629216,Gabe Vincent,1610612748,MIA,G,25.0,23,23,1.0,2.96,7.74,0.382,0.443,-0.061
217,1627747,Caris LeVert,1610612754,IND,G,27.0,22,22,1.0,3.09,7.73,0.4,0.442,-0.042
218,202340,Avery Bradley,1610612747,LAL,G,31.0,26,26,1.0,3.96,7.69,0.515,0.44,0.075
219,202066,Garrett Temple,1610612740,NOP,G-F,35.0,28,28,1.0,3.54,7.68,0.46,0.448,0.012
220,1629663,Louis King,1610612758,SAC,F,22.0,3,3,1.0,4.0,7.67,0.522,0.46,0.062
221,202709,Cory Joseph,1610612765,DET,G,30.0,24,24,1.0,3.42,7.67,0.446,0.442,0.003
222,1630550,JT Thor,1610612766,CHA,F,19.0,6,6,1.0,4.0,7.67,0.522,0.433,0.089
223,1629018,Gary Trent Jr.,1610612761,TOR,G-F,22.0,26,26,1.0,3.58,7.65,0.467,0.443,0.025
224,1629750,Javonte Green,1610612741,CHI,G-F,28.0,23,23,1.0,3.48,7.65,0.455,0.446,0.009
225,1627736,Malik Beasley,1610612750,MIN,G,25.0,28,28,1.0,3.39,7.61,0.446,0.442,0.004
226,201959,Taj Gibson,1610612752,NYK,F,36.0,12,12,1.0,2.58,7.58,0.341,0.457,-0.116
227,1629643,Chuma Okeke,1610612753,ORL,F,23.0,23,23,1.0,3.91,7.57,0.517,0.454,0.063
228,201937,Ricky Rubio,1610612739,CLE,G,31.0,30,30,1.0,3.1,7.57,0.41,0.435,-0.025
229,1628396,Tony Bradley,1610612741,CHI,C-F,23.0,20,20,1.0,3.1,7.55,0.411,0.483,-0.073
230,201152,Thaddeus Young,1610612759,SAS,F,33.0,21,21,1.0,3.62,7.52,0.481,0.454,0.027
231,1626204,Larry Nance Jr.,1610612757,POR,F-C,28.0,29,29,1.0,3.34,7.41,0.451,0.463,-0.012
232,1626195,Willy Hernangomez,1610612740,NOP,C-F,27.0,15,15,1.0,3.93,7.4,0.532,0.469,0.062
233,201569,Eric Gordon,1610612745,HOU,G,32.0,23,23,1.0,2.43,7.35,0.331,0.435,-0.104
234,201949,James Johnson,1610612751,BKN,F,34.0,18,18,1.0,3.44,7.33,0.47,0.43,0.039
235,1627814,Damion Lee,1610612744,GSW,G-F,29.0,22,22,1.0,3.23,7.32,0.441,0.429,0.012
236,1628400,Semi Ojeleye,1610612749,MIL,F,27.0,11,11,1.0,3.18,7.27,0.438,0.447,-0.009
237,203914,Gary Harris,1610612753,ORL,G,27.0,22,22,1.0,3.77,7.27,0.519,0.459,0.06
238,202324,Derrick Favors,1610612760,OKC,F,30.0,20,20,1.0,3.7,7.25,0.51,0.475,0.035
239,203937,Kyle Anderson,1610612763,MEM,F-G,28.0,25,25,1.0,3.76,7.24,0.519,0.459,0.06
240,1629056,Terence Davis,1610612758,SAC,G,24.0,18,18,1.0,2.89,7.17,0.403,0.446,-0.043
241,1629634,Brandon Clarke,1610612763,MEM,F,25.0,19,19,1.0,3.05,7.16,0.426,0.446,-0.019
242,1629622,Max Strus,1610612748,MIA,G-F,25.0,21,21,1.0,3.38,7.14,0.473,0.442,0.031
243,1629675,Naz Reid,1610612750,MIN,C-F,22.0,26,26,1.0,3.35,7.12,0.47,0.466,0.004
244,2730,Dwight Howard,1610612747,LAL,C-F,36.0,25,25,1.0,3.16,7.12,0.444,0.458,-0.015
245,1630192,Zeke Nnaji,1610612743,DEN,F-C,20.0,13,13,1.0,3.69,7.08,0.522,0.449,0.073
246,1629673,Jordan Poole,1610612744,GSW,G,22.0,28,28,1.0,3.21,7.0,0.459,0.436,0.023
247,200752,Rudy Gay,1610612762,UTA,F-G,35.0,13,13,1.0,3.46,6.92,0.5,0.444,0.056
248,204456,T.J. McConnell,1610612754,IND,G,29.0,24,24,1.0,2.92,6.88,0.424,0.429,-0.005
249,201961,Wayne Ellington,1610612747,LAL,G,34.0,21,21,1.0,3.33,6.86,0.486,0.445,0.041
250,1628408,P.J. Dozier,1610612743,DEN,G-F,25.0,18,18,1.0,2.89,6.83,0.423,0.452,-0.029
251,201577,Robin Lopez,1610612753,ORL,C,33.0,11,11,1.0,2.91,6.82,0.427,0.472,-0.045
252,1628372,Dennis Smith Jr.,1610612757,POR,G,24.0,14,14,1.0,2.64,6.79,0.389,0.437,-0.048
253,1630170,Devin Vassell,1610612759,SAS,G-F,21.0,22,22,1.0,2.95,6.73,0.439,0.432,0.008
254,201599,DeAndre Jordan,1610612747,LAL,C,33.0,22,22,1.0,3.14,6.73,0.466,0.46,0.006
255,1628449,Chris Boucher,1610612761,TOR,F-C,28.0,26,26,1.0,2.69,6.73,0.4,0.456,-0.056
256,1630193,Immanuel Quickley,1610612752,NYK,G,22.0,28,28,1.0,3.04,6.71,0.452,0.443,0.009
257,204060,Joe Ingles,1610612762,UTA,F-G,34.0,27,27,1.0,2.74,6.67,0.411,0.433,-0.021
258,1630267,Facundo Campazzo,1610612743,DEN,G,30.0,27,27,1.0,3.41,6.67,0.511,0.445,0.067
259,1628972,Troy Brown Jr.,1610612741,CHI,G-F,22.0,14,14,1.0,2.64,6.64,0.398,0.434,-0.037
260,203082,Terrence Ross,1610612753,ORL,G-F,30.0,28,28,1.0,3.21,6.61,0.486,0.441,0.046
261,1628778,Paul Watson,1610612760,OKC,G,26.0,5,5,1.0,2.8,6.6,0.424,0.432,-0.007
262,203473,Dewayne Dedmon,1610612748,MIA,C,32.0,29,29,1.0,2.83,6.59,0.429,0.465,-0.036
263,2738,Andre Iguodala,1610612744,GSW,G-F,37.0,14,14,1.0,2.5,6.57,0.38,0.442,-0.061
264,200794,Paul Millsap,1610612751,BKN,F,36.0,21,21,1.0,2.71,6.52,0.416,0.457,-0.041
265,1629308,Juan Toscano-Anderson,1610612744,GSW,F,28.0,27,27,1.0,2.93,6.52,0.449,0.43,0.019
266,1630197,Aleksej Pokusevski,1610612760,OKC,F,19.0,26,26,1.0,3.08,6.5,0.473,0.444,0.029
267,1627788,Furkan Korkmaz,1610612755,PHI,G-F,24.0,27,27,1.0,2.81,6.48,0.434,0.437,-0.003
268,1626168,Trey Lyles,1610612765,DET,F,26.0,26,26,1.0,3.31,6.42,0.515,0.462,0.053
269,1629723,John Konchar,1610612763,MEM,G,25.0,27,27,1.0,2.81,6.41,0.439,0.439,0.0
270,202693,Markieff Morris,1610612748,MIA,F,32.0,10,10,1.0,2.4,6.4,0.375,0.438,-0.063
271,202684,Tristan Thompson,1610612758,SAC,C-F,30.0,20,20,1.0,3.5,6.4,0.547,0.472,0.075
272,1629022,Lonnie Walker IV,1610612759,SAS,G-F,23.0,26,26,1.0,2.27,6.38,0.355,0.43,-0.075
273,201586,Serge Ibaka,1610612746,LAC,F,32.0,11,11,1.0,2.45,6.36,0.386,0.463,-0.078
274,1626224,Cedi Osman,1610612739,CLE,F,26.0,24,24,1.0,2.83,6.33,0.447,0.429,0.018
275,1630598,Aaron Wiggins,1610612760,OKC,G,22.0,10,10,1.0,3.0,6.3,0.476,0.441,0.035
276,1630214,Xavier Tillman,1610612763,MEM,F,22.0,22,22,1.0,3.09,6.27,0.493,0.447,0.045
277,1629026,Kenrich Williams,1610612760,OKC,G-F,27.0,24,24,1.0,2.46,6.25,0.393,0.428,-0.035
278,1628470,Torrey Craig,1610612754,IND,F,30.0,26,26,1.0,2.92,6.23,0.469,0.448,0.021
279,1626166,Cameron Payne,1610612756,PHX,G,27.0,22,22,1.0,2.5,6.23,0.401,0.442,-0.04
280,1627863,Danuel House Jr.,1610612745,HOU,F-G,28.0,15,15,1.0,3.2,6.2,0.516,0.414,0.103
281,1628432,Davon Reed,1610612743,DEN,G,26.0,6,6,1.0,2.83,6.17,0.459,0.437,0.022
282,203490,Otto Porter Jr.,1610612744,GSW,F,28.0,24,24,1.0,2.71,6.17,0.439,0.44,-0.001
283,1630231,Kenyon Martin Jr.,1610612745,HOU,F,20.0,26,26,1.0,2.62,6.12,0.428,0.442,-0.015
284,1628367,Josh Jackson,1610612765,DET,G-F,24.0,22,22,1.0,2.55,6.09,0.418,0.452,-0.034
285,203210,JaMychal Green,1610612743,DEN,F-C,31.0,25,25,1.0,3.04,6.08,0.5,0.462,0.038
286,1629013,Landry Shamet,1610612756,PHX,G,24.0,26,26,1.0,2.35,6.08,0.386,0.429,-0.043
287,1627761,DeAndre' Bembry,1610612751,BKN,G-F,27.0,26,26,1.0,2.15,6.08,0.354,0.436,-0.082
288,1629103,Kelan Martin,1610612754,IND,F,26.0,23,23,1.0,2.57,6.04,0.424,0.436,-0.011
289,1630181,R.J. Hampton,1610612753,ORL,G,20.0,29,29,1.0,3.1,6.0,0.517,0.432,0.085
290,1629006,Josh Okogie,1610612750,MIN,G,23.0,18,18,1.0,2.11,6.0,0.352,0.429,-0.077
291,1628966,Keita Bates-Diop,1610612759,SAS,F,25.0,19,19,1.0,2.84,5.95,0.478,0.429,0.049
292,1630560,Cam Thomas,1610612751,BKN,G,20.0,18,18,1.0,2.61,5.94,0.439,0.421,0.018
293,203488,Mike Muscala,1610612760,OKC,F-C,30.0,20,20,1.0,2.25,5.9,0.381,0.467,-0.085
294,203493,Reggie Bullock,1610612742,DAL,G-F,30.0,27,27,1.0,2.7,5.89,0.459,0.456,0.003
295,1627789,Timothe Luwawu-Cabarrot,1610612737,ATL,G-F,26.0,14,14,1.0,2.5,5.86,0.427,0.459,-0.032
296,1630167,Obi Toppin,1610612752,NYK,F,23.0,26,26,1.0,2.58,5.85,0.441,0.441,0.0
297,1628402,Frank Jackson,1610612765,DET,G,23.0,26,26,1.0,2.77,5.85,0.474,0.444,0.029
298,1630544,Tre Mann,1610612760,OKC,G,20.0,19,19,1.0,2.63,5.84,0.45,0.432,0.018
299,1629670,Jordan Nwora,1610612749,MIL,F,23.0,23,23,1.0,2.39,5.83,0.41,0.436,-0.026
300,203953,Jabari Parker,1610612738,BOS,F,26.0,8,8,1.0,3.25,5.75,0.565,0.459,0.106
301,1630538,Bones Hyland,1610612743,DEN,G,21.0,19,19,1.0,2.84,5.74,0.495,0.447,0.048
302,1630561,David Duke Jr.,1610612751,BKN,G,22.0,3,3,1.0,1.67,5.67,0.294,0.428,-0.134
303,202683,Enes Freedom,1610612738,BOS,C,29.0,17,17,1.0,2.41,5.65,0.427,0.468,-0.041
304,1628988,Aaron Holiday,1610612764,WAS,G,25.0,28,28,1.0,2.64,5.64,0.468,0.433,0.035
305,203469,Cody Zeller,1610612757,POR,F-C,29.0,24,24,1.0,3.17,5.63,0.563,0.484,0.079
306,1630240,Saben Lee,1610612765,DET,G,22.0,10,10,1.0,2.7,5.6,0.482,0.43,0.052
307,1628425,Sterling Brown,1610612742,DAL,G-F,26.0,20,20,1.0,2.85,5.6,0.509,0.447,0.062
308,1629021,Moritz Wagner,1610612753,ORL,F-C,24.0,24,24,1.0,2.88,5.58,0.515,0.454,0.061
309,1629052,Oshae Brissett,1610612754,IND,F-G,23.0,19,19,1.0,2.53,5.47,0.462,0.441,0.02
310,1629620,Justin Robinson,1610612749,MIL,G,24.0,13,13,1.0,2.15,5.46,0.394,0.429,-0.034
311,1629641,Romeo Langford,1610612738,BOS,G-F,22.0,21,21,1.0,2.0,5.43,0.368,0.441,-0.073
312,1630547,James Bouknight,1610612766,CHA,G,21.0,7,7,1.0,3.29,5.43,0.605,0.464,0.141
313,1630572,Sandro Mamukelashvili,1610612749,MIL,F-C,22.0,12,12,1.0,3.08,5.42,0.569,0.467,0.102
314,1626145,Tyus Jones,1610612763,MEM,G,25.0,29,29,1.0,2.07,5.38,0.385,0.431,-0.047
315,203918,Rodney Hood,1610612749,MIL,G-F,29.0,22,22,1.0,2.77,5.36,0.517,0.439,0.078
316,1627752,Taurean Prince,1610612750,MIN,F,27.0,24,24,1.0,2.67,5.33,0.5,0.457,0.043
317,1630606,Javonte Smart,1610612749,MIL,G,22.0,6,6,1.0,2.17,5.33,0.406,0.437,-0.03
318,1629004,Svi Mykhailiuk,1610612761,TOR,G-F,24.0,28,28,1.0,2.57,5.32,0.483,0.438,0.045
319,1630533,Ziaire Williams,1610612763,MEM,F,20.0,19,19,1.0,2.32,5.32,0.436,0.419,0.017
320,200765,Rajon Rondo,1610612747,LAL,G,35.0,14,14,1.0,2.21,5.29,0.419,0.435,-0.016
321,1630194,Paul Reed,1610612755,PHI,F,22.0,15,15,1.0,2.4,5.2,0.462,0.467,-0.006
322,1630527,Brandon Boston Jr.,1610612746,LAC,G,20.0,12,12,1.0,2.17,5.17,0.419,0.437,-0.018
323,202722,Davis Bertans,1610612764,WAS,F,29.0,18,18,1.0,2.61,5.17,0.505,0.456,0.049
324,1628977,Hamidou Diallo,1610612765,DET,G,23.0,19,19,1.0,2.26,5.16,0.439,0.446,-0.007
325,203648,Thanasis Antetokounmpo,1610612749,MIL,F,29.0,20,20,1.0,2.15,5.1,0.422,0.453,-0.032
326,203901,Elfrid Payton,1610612756,PHX,G,27.0,12,12,1.0,1.83,5.08,0.361,0.428,-0.067
327,1629048,Goga Bitadze,1610612754,IND,C-F,22.0,13,13,1.0,2.69,5.08,0.53,0.47,0.06
328,1629650,Moses Brown,1610612742,DAL,C,22.0,10,10,1.0,2.0,5.0,0.4,0.471,-0.071
329,201609,Goran Dragic,1610612761,TOR,G,35.0,5,5,1.0,2.4,5.0,0.48,0.443,0.037
330,1629632,Coby White,1610612741,CHI,G,21.0,9,9,1.0,2.44,5.0,0.489,0.427,0.062
331,1630568,Luka Garza,1610612765,DET,C,22.0,15,15,1.0,2.93,5.0,0.587,0.481,0.106
332,202397,Ish Smith,1610612766,CHA,G,33.0,16,16,1.0,2.56,5.0,0.513,0.43,0.082
333,1630208,Nick Richards,1610612766,CHA,C,24.0,21,21,1.0,2.52,5.0,0.505,0.475,0.03
334,1628021,David Nwaba,1610612745,HOU,G-F,28.0,20,20,1.0,2.85,4.95,0.576,0.448,0.128
335,1629644,KZ Okpala,1610612748,MIA,F-G,22.0,12,12,1.0,2.25,4.92,0.458,0.448,0.01
336,1629637,Jaxson Hayes,1610612740,NOP,C-F,21.0,20,20,1.0,2.0,4.9,0.408,0.456,-0.047
337,1629185,Chris Chiozza,1610612744,GSW,G,26.0,10,10,1.0,1.7,4.9,0.347,0.425,-0.078
338,202334,Ed Davis,1610612739,CLE,C-F,32.0,10,10,1.0,2.1,4.9,0.429,0.492,-0.064
339,1629676,Isaiah Roby,1610612760,OKC,F,23.0,13,13,1.0,2.23,4.85,0.46,0.469,-0.008
340,1626153,Delon Wright,1610612737,ATL,G,29.0,24,24,1.0,2.08,4.83,0.431,0.425,0.006
341,1627745,Damian Jones,1610612758,SAC,C,26.0,11,11,1.0,2.55,4.82,0.528,0.464,0.064
342,1630530,Trey Murphy III,1610612740,NOP,F,21.0,25,25,1.0,2.12,4.8,0.442,0.432,0.009
343,1626161,Willie Cauley-Stein,1610612742,DAL,C,28.0,18,18,1.0,2.61,4.78,0.547,0.491,0.056
344,203107,Tomas Satoransky,1610612740,NOP,G,30.0,25,25,1.0,1.84,4.76,0.387,0.441,-0.055
345,1630205,Lamar Stevens,1610612739,CLE,F,24.0,16,16,1.0,2.38,4.75,0.5,0.448,0.052
346,1630245,Ayo Dosunmu,1610612741,CHI,G,21.0,25,25,1.0,2.04,4.72,0.432,0.431,0.001
347,203087,Jeremy Lamb,1610612754,IND,G-F,29.0,21,21,1.0,2.14,4.71,0.455,0.431,0.023
348,1630563,Joshua Primo,1610612759,SAS,G,18.0,7,7,1.0,2.29,4.71,0.485,0.462,0.022
349,1630177,Theo Maledon,1610612760,OKC,G,20.0,13,13,1.0,2.0,4.69,0.426,0.441,-0.014
350,203503,Tony Snell,1610612757,POR,G,30.0,22,22,1.0,2.05,4.68,0.437,0.453,-0.016
351,1630209,Omer Yurtseven,1610612748,MIA,C,23.0,15,15,1.0,2.07,4.67,0.443,0.419,0.024
352,1627846,Abdel Nader,1610612756,PHX,F,28.0,14,14,1.0,2.21,4.64,0.477,0.432,0.045
353,203524,Solomon Hill,1610612737,ATL,F,30.0,12,12,1.0,2.42,4.58,0.527,0.449,0.078
354,1629672,Eric Paschall,1610612762,UTA,F,25.0,21,21,1.0,2.05,4.52,0.453,0.445,0.007
355,1630686,Georgios Kalaitzakis,1610612749,MIL,F,22.0,4,4,1.0,2.25,4.5,0.5,0.37,0.13
356,1630184,Kira Lewis Jr.,1610612740,NOP,G,20.0,24,24,1.0,2.42,4.5,0.537,0.445,0.092
357,1630625,Dalano Banton,1610612761,TOR,F,22.0,27,27,1.0,2.26,4.48,0.504,0.435,0.069
358,1630200,Tre Jones,1610612759,SAS,G,21.0,21,21,1.0,2.14,4.43,0.484,0.444,0.04
359,1629067,Isaac Bonga,1610612761,TOR,G,22.0,7,7,1.0,1.43,4.43,0.323,0.425,-0.103
360,1627780,Gary Payton II,1610612744,GSW,G,29.0,26,26,1.0,1.5,4.42,0.339,0.434,-0.095
361,1629656,Quentin Grimes,1610612752,NYK,G,21.0,10,10,1.0,2.5,4.4,0.568,0.447,0.121
362,203085,Austin Rivers,1610612743,DEN,G,29.0,18,18,1.0,2.17,4.39,0.494,0.451,0.043
363,203476,Gorgui Dieng,1610612737,ATL,C,31.0,23,23,1.0,1.87,4.35,0.43,0.459,-0.029
364,1629599,Amir Coffey,1610612746,LAC,G-F,24.0,12,12,1.0,1.75,4.33,0.404,0.453,-0.049
365,1629717,Armoni Brooks,1610612745,HOU,G,23.0,22,22,1.0,1.86,4.32,0.432,0.429,0.003
366,202326,DeMarcus Cousins,1610612749,MIL,C,31.0,7,7,1.0,2.29,4.29,0.533,0.482,0.051
367,1626159,Justise Winslow,1610612746,LAC,F-G,25.0,16,16,1.0,1.88,4.25,0.441,0.442,-0.001
368,202954,Brad Wanamaker,1610612754,IND,G,32.0,17,17,1.0,1.88,4.24,0.444,0.44,0.004
369,201571,D.J. Augustin,1610612745,HOU,G,34.0,23,23,1.0,2.26,4.22,0.536,0.431,0.105
370,203504,Trey Burke,1610612742,DAL,G,29.0,15,15,1.0,2.2,4.2,0.524,0.408,0.115
371,1630206,Jay Scrubb,1610612746,LAC,G,21.0,5,5,1.0,2.2,4.2,0.524,0.399,0.125
372,203463,Ben McLemore,1610612757,POR,G,28.0,10,10,1.0,2.3,4.2,0.548,0.422,0.126
373,1628373,Frank Ntilikina,1610612742,DAL,G,23.0,20,20,1.0,1.35,4.15,0.325,0.441,-0.116
374,1630198,Isaiah Joe,1610612755,PHI,G,22.0,17,17,1.0,2.12,4.12,0.514,0.432,0.082
375,1628539,Mychal Mulder,1610612753,ORL,G,27.0,10,10,1.0,1.7,4.1,0.415,0.425,-0.011
376,1630528,Josh Christopher,1610612745,HOU,G,20.0,15,15,1.0,2.07,4.07,0.508,0.427,0.081
377,1629685,Dylan Windler,1610612739,CLE,G-F,25.0,16,16,1.0,1.5,4.06,0.369,0.435,-0.066
378,1630202,Payton Pritchard,1610612738,BOS,G,23.0,17,17,1.0,1.94,4.06,0.478,0.423,0.055
379,1629660,Ty Jerome,1610612760,OKC,G-F,24.0,19,19,1.0,1.84,4.05,0.455,0.437,0.017
380,1629744,Matt Thomas,1610612741,CHI,G,27.0,5,5,1.0,1.6,4.0,0.4,0.458,-0.058
381,1630176,Vernon Carey Jr.,1610612766,CHA,F-C,20.0,1,1,1.0,3.0,4.0,0.75,0.431,0.319
382,1630643,Jay Huff,1610612747,LAL,F,24.0,1,1,1.0,0.0,4.0,0.0,0.42,-0.42
383,1630249,Vit Krejci,1610612760,OKC,G,21.0,1,1,1.0,1.0,4.0,0.25,0.475,-0.225
384,1630174,Aaron Nesmith,1610612738,BOS,G-F,22.0,23,23,1.0,2.0,3.96,0.505,0.424,0.082
385,1629649,Ignas Brazdeikis,1610612753,ORL,F,22.0,12,12,1.0,1.83,3.92,0.468,0.436,0.032
386,1628993,Alize Johnson,1610612741,CHI,F,25.0,15,15,1.0,2.2,3.87,0.569,0.444,0.125
387,1626246,Boban Marjanovic,1610612742,DAL,C,33.0,13,13,1.0,1.62,3.85,0.42,0.485,-0.065
388,1628975,Jevon Carter,1610612751,BKN,G,26.0,26,26,1.0,1.65,3.77,0.439,0.435,0.004
389,1629681,Killian Tillie,1610612763,MEM,F-C,23.0,13,13,1.0,1.69,3.77,0.449,0.451,-0.002
390,1629162,Jordan McLaughlin,1610612750,MIN,G,25.0,16,16,1.0,1.94,3.75,0.517,0.433,0.084
391,1628427,Vlatko Cancar,1610612743,DEN,F,24.0,7,7,1.0,1.86,3.71,0.5,0.45,0.05
392,1630182,Josh Green,1610612742,DAL,G,21.0,10,10,1.0,1.2,3.6,0.333,0.426,-0.093
393,1630188,Jalen Smith,1610612756,PHX,F-C,21.0,7,7,1.0,1.43,3.57,0.4,0.434,-0.034
394,1629646,Charles Bassey,1610612755,PHI,C-F,21.0,9,9,1.0,1.22,3.56,0.344,0.492,-0.148
395,1630557,Corey Kispert,1610612764,WAS,F,22.0,24,24,1.0,1.5,3.54,0.424,0.434,-0.011
396,1630228,Jonathan Kuminga,1610612744,GSW,F,19.0,13,13,1.0,1.15,3.54,0.326,0.442,-0.116
397,1628995,Kevin Knox II,1610612752,NYK,F,22.0,6,6,1.0,1.83,3.5,0.524,0.44,0.083
398,1630647,Eugene Omoruyi,1610612742,DAL,F,24.0,2,2,1.0,1.5,3.5,0.429,0.431,-0.003
399,1629653,Devon Dotson,1610612741,CHI,G,22.0,4,4,1.0,1.75,3.5,0.5,0.416,0.084
400,1630466,Gabriel Deck,1610612760,OKC,F,26.0,6,6,1.0,1.17,3.5,0.333,0.427,-0.094
401,1630551,Justin Champagnie,1610612761,TOR,G-F,20.0,12,12,1.0,1.5,3.5,0.429,0.434,-0.006
402,1627854,Bryn Forbes,1610612759,SAS,G,28.0,25,25,1.0,1.64,3.48,0.471,0.437,0.035
403,101150,Lou Williams,1610612737,ATL,G,35.0,23,23,1.0,1.48,3.48,0.425,0.439,-0.014
404,1630241,Sam Merrill,1610612763,MEM,G,25.0,5,5,1.0,1.8,3.4,0.529,0.428,0.101
405,1630250,Marko Simonovic,1610612741,CHI,C,22.0,3,3,1.0,0.67,3.33,0.2,0.349,-0.149
406,1630631,Jose Alvarado,1610612740,NOP,G,23.0,3,3,1.0,0.67,3.33,0.2,0.374,-0.174
407,1630549,Day'Ron Sharpe,1610612751,BKN,F,20.0,8,8,1.0,1.38,3.25,0.423,0.415,0.008
408,1630583,Santi Aldama,1610612763,MEM,F-C,20.0,13,13,1.0,1.62,3.15,0.512,0.391,0.121
409,1630543,Isaiah Jackson,1610612754,IND,F,19.0,7,7,1.0,1.71,3.14,0.545,0.448,0.097
410,1630688,Ish Wainright,1610612756,PHX,F,27.0,7,7,1.0,1.43,3.14,0.455,0.42,0.034
411,1630195,Leandro Bolmaro,1610612750,MIN,F,21.0,14,14,1.0,1.5,3.07,0.488,0.44,0.048
412,1630235,Trent Forrest,1610612762,UTA,G,23.0,18,18,1.0,1.06,3.06,0.345,0.428,-0.083
413,1630570,Trendon Watford,1610612757,POR,F,21.0,7,7,1.0,2.0,3.0,0.667,0.397,0.27
414,1630536,Sharife Cooper,1610612737,ATL,G,20.0,1,1,1.0,3.0,3.0,1.0,0.426,0.574
415,1630586,Usman Garuba,1610612745,HOU,F,19.0,7,7,1.0,1.57,3.0,0.524,0.414,0.11
416,1629635,Sekou Doumbouya,1610612747,LAL,F,20.0,2,2,1.0,0.0,3.0,0.0,0.409,-0.409
417,1627756,Denzel Valentine,1610612739,CLE,G,28.0,9,9,1.0,1.22,2.89,0.423,0.414,0.009
418,1629669,Jaylen Nowell,1610612750,MIN,G,22.0,13,13,1.0,1.23,2.85,0.432,0.455,-0.022
419,1630186,Jahmi'us Ramsey,1610612758,SAC,G,20.0,6,6,1.0,1.33,2.83,0.471,0.472,-0.001
420,1630210,Markus Howard,1610612743,DEN,G,22.0,10,10,1.0,1.2,2.8,0.429,0.437,-0.009
421,1630230,Naji Marshall,1610612740,NOP,F,23.0,17,17,1.0,1.47,2.76,0.532,0.446,0.086
422,1630219,Skylar Mays,1610612737,ATL,G,24.0,4,4,1.0,1.5,2.75,0.545,0.413,0.133
423,1629626,Bol Bol,1610612743,DEN,C-F,22.0,8,8,1.0,1.25,2.75,0.455,0.42,0.035
424,1630201,Malachi Flynn,1610612761,TOR,G,23.0,18,18,1.0,1.28,2.72,0.469,0.448,0.021
425,1630579,Jericho Sims,1610612752,NYK,C,23.0,7,7,1.0,0.71,2.71,0.263,0.459,-0.196
426,1629671,Miye Oni,1610612762,UTA,G-F,24.0,6,6,1.0,1.17,2.67,0.438,0.381,0.057
427,1630535,Greg Brown III,1610612757,POR,F,20.0,9,9,1.0,0.89,2.56,0.348,0.396,-0.048
428,1630233,Nathan Knight,1610612750,MIN,F-C,24.0,9,9,1.0,0.89,2.56,0.348,0.479,-0.131
429,1629633,Jarrett Culver,1610612763,MEM,G-F,22.0,10,10,1.0,1.3,2.5,0.52,0.47,0.05
430,1628962,Udoka Azubuike,1610612762,UTA,C-F,22.0,2,2,1.0,1.0,2.5,0.4,0.5,-0.1
431,1630605,JaQuori McLaughlin,1610612742,DAL,G,23.0,2,2,1.0,1.5,2.5,0.6,0.408,0.192
432,1630582,Yves Pons,1610612763,MEM,F,22.0,2,2,1.0,1.0,2.5,0.4,0.44,-0.04
433,1629076,Tyler Cook,1610612741,CHI,F,24.0,2,2,1.0,2.5,2.5,1.0,0.468,0.532
434,1630539,Kai Jones,1610612766,CHA,C-F,20.0,4,4,1.0,1.25,2.5,0.5,0.511,-0.011
435,203585,Rodney McGruder,1610612765,DET,G,30.0,8,8,1.0,0.38,2.38,0.158,0.459,-0.301
436,1629604,CJ Elleby,1610612757,POR,F-G,21.0,8,8,1.0,1.0,2.25,0.444,0.454,-0.01
437,1630540,Miles McBride,1610612752,NYK,G,21.0,4,4,1.0,1.0,2.25,0.444,0.428,0.016
438,1630215,Jared Butler,1610612762,UTA,G,21.0,15,15,1.0,0.6,2.2,0.273,0.413,-0.141
439,1627782,Wayne Selden,1610612752,NYK,G,27.0,1,1,1.0,1.0,2.0,0.5,0.424,0.077
440,1630585,Marcus Garrett,1610612748,MIA,G,23.0,2,2,1.0,2.0,2.0,1.0,0.48,0.521
441,1627774,Jake Layman,1610612750,MIN,F,27.0,6,6,1.0,0.5,2.0,0.25,0.464,-0.214
442,1630593,McKinley Wright IV,1610612750,MIN,G,23.0,1,1,1.0,1.0,2.0,0.5,0.474,0.027
443,1627822,Petr Cornelie,1610612743,DEN,F,26.0,7,7,1.0,0.86,2.0,0.429,0.44,-0.012
444,1626155,Sam Dekker,1610612761,TOR,F,27.0,1,1,1.0,1.0,2.0,0.5,0.473,0.028
445,202083,Wesley Matthews,1610612749,MIL,G,35.0,4,4,1.0,0.5,2.0,0.25,0.468,-0.218
446,1630525,David Johnson,1610612761,TOR,G,20.0,1,1,1.0,0.0,2.0,0.0,0.2,-0.2
447,1629712,Didi Louzada,1610612740,NOP,G,22.0,1,1,1.0,1.0,2.0,0.5,0.544,-0.044
448,1630541,Moses Moody,1610612744,GSW,G,19.0,14,14,1.0,0.71,1.93,0.37,0.416,-0.046
449,1630264,Anthony Gill,1610612764,WAS,F,29.0,9,9,1.0,0.44,1.89,0.235,0.453,-0.217
450,1628981,Bruno Fernando,1610612738,BOS,F-C,23.0,7,7,1.0,0.86,1.86,0.462,0.467,-0.006
451,1629111,Jock Landale,1610612759,SAS,C,26.0,6,6,1.0,0.5,1.83,0.273,0.412,-0.139
452,1629605,Tacko Fall,1610612739,CLE,C,26.0,5,5,1.0,0.6,1.8,0.333,0.453,-0.12
453,1630553,Keon Johnson,1610612746,LAC,G,19.0,5,5,1.0,0.6,1.8,0.333,0.448,-0.115
454,1630225,Isaiah Todd,1610612764,WAS,F,20.0,4,4,1.0,1.25,1.75,0.714,0.466,0.248
455,1630190,Elijah Hughes,1610612762,UTA,G,23.0,3,3,1.0,0.67,1.67,0.4,0.481,-0.081
456,1627823,Juancho Hernangomez,1610612738,BOS,F,26.0,11,11,1.0,0.64,1.64,0.389,0.453,-0.064
457,1630698,Kevin Pangos,1610612739,CLE,G,28.0,7,7,1.0,1.0,1.57,0.636,0.444,0.192
458,2617,Udonis Haslem,1610612748,MIA,F,41.0,4,4,1.0,0.75,1.5,0.5,0.46,0.04
459,1630555,Joel Ayayi,1610612764,WAS,G,21.0,3,3,1.0,0.33,1.33,0.25,0.405,-0.155
460,1629833,Keljin Blevins,1610612757,POR,G,26.0,3,3,1.0,0.33,1.33,0.25,0.484,-0.234
461,1630238,Malik Fitts,1610612762,UTA,F,24.0,4,4,1.0,0.75,1.25,0.6,0.4,0.2
462,1628990,Chandler Hutchison,1610612756,PHX,F-G,25.0,1,1,1.0,1.0,1.0,1.0,0.346,0.654
463,1630271,Brodric Thomas,1610612738,BOS,G,24.0,2,2,1.0,0.0,1.0,0.0,0.426,-0.426
464,1630216,Cassius Winston,1610612764,WAS,G,23.0,2,2,1.0,0.5,1.0,0.5,0.304,0.196
465,1629109,Gary Clark,1610612740,NOP,F,27.0,1,1,1.0,0.0,1.0,0.0,0.382,-0.382
466,1630613,Duane Washington Jr.,1610612754,IND,G,21.0,1,1,1.0,1.0,1.0,1.0,0.313,0.687
467,1629083,Arnoldas Kulboka,1610612766,CHA,F,23.0,1,1,1.0,0.0,1.0,0.0,0.378,-0.378
468,1630580,Joe Wieskamp,1610612759,SAS,G-F,22.0,2,2,1.0,0.5,1.0,0.5,0.506,-0.006
469,1630531,Jaden Springer,1610612755,PHI,G,19.0,1,1,1.0,1.0,1.0,1.0,0.311,0.689
470,1630552,Jalen Johnson,1610612737,ATL,F,19.0,3,3,1.0,0.33,1.0,0.333,0.391,-0.057
471,1630288,Jeff Dowtin,1610612744,GSW,G,24.0,1,1,1.0,0.0,1.0,0.0,0.467,-0.467
