,CLOSE_DEF_PERSON_ID,PLAYER_NAME,PLAYER_LAST_TEAM_ID,PLAYER_LAST_TEAM_ABBREVIATION,PLAYER_POSITION,AGE,GP,G,FREQ,FG3M,FG3A,FG3_PCT,NS_FG3_PCT,PLUSMINUS
0,1628970,Miles Bridges,1610612766,CHA,F,23.0,29,29,0.46,2.38,7.03,0.338,0.344,-0.006
1,1629652,Luguentz Dort,1610612760,OKC,G,22.0,25,25,0.594,2.48,6.8,0.365,0.351,0.014
2,1626174,Christian Wood,1610612745,HOU,F,26.0,27,27,0.42,2.59,6.67,0.389,0.343,0.046
3,201950,Jrue Holiday,1610612749,MIL,G,31.0,24,24,0.596,2.38,6.58,0.361,0.352,0.009
4,1627783,Pascal Siakam,1610612761,TOR,F,27.0,17,17,0.487,2.65,6.53,0.405,0.351,0.054
5,1630556,Kessler Edwards,1610612751,BKN,F,21.0,2,2,0.5,1.0,6.5,0.154,0.291,-0.137
6,203468,CJ McCollum,1610612757,POR,G,30.0,24,24,0.478,2.79,6.46,0.432,0.349,0.083
7,202704,Reggie Jackson,1610612746,LAC,G,31.0,29,29,0.471,2.21,6.45,0.342,0.346,-0.003
8,1628983,Shai Gilgeous-Alexander,1610612760,OKC,G,23.0,24,23,0.55,2.71,6.38,0.425,0.353,0.072
9,1628960,Grayson Allen,1610612749,MIL,G,26.0,29,29,0.583,1.76,5.93,0.297,0.352,-0.056
10,203935,Marcus Smart,1610612738,BOS,G,27.0,27,27,0.525,2.0,5.93,0.338,0.352,-0.014
11,200782,P.J. Tucker,1610612748,MIA,F,36.0,29,29,0.558,2.45,5.93,0.413,0.353,0.06
12,1630162,Anthony Edwards,1610612750,MIN,G,20.0,28,28,0.487,2.32,5.89,0.394,0.353,0.041
13,203952,Andrew Wiggins,1610612744,GSW,F,26.0,28,28,0.449,2.11,5.79,0.364,0.344,0.02
14,1629631,De'Andre Hunter,1610612737,ATL,F-G,24.0,11,10,0.512,2.27,5.73,0.397,0.354,0.043
15,201142,Kevin Durant,1610612751,BKN,F,33.0,26,26,0.443,1.96,5.73,0.342,0.35,-0.007
16,1628366,Lonzo Ball,1610612741,CHI,G,24.0,27,27,0.419,2.41,5.63,0.428,0.346,0.081
17,203076,Anthony Davis,1610612747,LAL,F-C,28.0,26,25,0.344,1.88,5.62,0.336,0.337,-0.002
18,1629726,Garrison Mathews,1610612745,HOU,G,25.0,15,15,0.528,1.73,5.6,0.31,0.354,-0.044
19,1626164,Devin Booker,1610612756,PHX,G,25.0,21,21,0.483,1.81,5.57,0.325,0.355,-0.031
20,200768,Kyle Lowry,1610612748,MIA,G,35.0,27,26,0.466,2.07,5.56,0.373,0.349,0.024
21,203081,Damian Lillard,1610612757,POR,G,31.0,23,22,0.51,2.17,5.52,0.394,0.358,0.036
22,1626192,Pat Connaughton,1610612749,MIL,G,28.0,30,30,0.452,2.07,5.5,0.376,0.348,0.027
23,1628415,Dillon Brooks,1610612763,MEM,G-F,25.0,15,15,0.513,2.13,5.47,0.39,0.331,0.059
24,201935,James Harden,1610612751,BKN,G,32.0,26,26,0.441,1.73,5.46,0.317,0.354,-0.037
25,1627832,Fred VanVleet,1610612761,TOR,G,27.0,27,27,0.451,1.67,5.44,0.306,0.341,-0.035
26,1626156,D'Angelo Russell,1610612750,MIN,G,25.0,23,23,0.479,1.22,5.43,0.224,0.353,-0.129
27,1630175,Cole Anthony,1610612753,ORL,G,21.0,23,23,0.514,2.09,5.43,0.384,0.366,0.018
28,1630595,Cade Cunningham,1610612765,DET,G,20.0,21,21,0.451,2.1,5.43,0.386,0.354,0.032
29,1628404,Josh Hart,1610612740,NOP,G,26.0,23,23,0.422,2.3,5.43,0.424,0.352,0.072
30,1628368,De'Aaron Fox,1610612758,SAC,G,23.0,28,28,0.47,1.93,5.39,0.358,0.353,0.004
31,202331,Paul George,1610612746,LAC,F,31.0,24,24,0.462,1.75,5.38,0.326,0.342,-0.016
32,1630567,Scottie Barnes,1610612761,TOR,F,20.0,26,26,0.369,1.96,5.31,0.37,0.339,0.031
33,1630532,Franz Wagner,1610612753,ORL,F,20.0,29,29,0.443,2.0,5.28,0.379,0.36,0.019
34,1626171,Bobby Portis,1610612749,MIL,F,26.0,25,25,0.396,1.36,5.28,0.258,0.357,-0.099
35,1629659,Talen Horton-Tucker,1610612747,LAL,G,21.0,15,15,0.441,1.93,5.27,0.367,0.342,0.025
36,1629647,Darius Bazley,1610612760,OKC,F,21.0,27,27,0.401,2.0,5.26,0.38,0.359,0.021
37,1629027,Trae Young,1610612737,ATL,G,23.0,28,28,0.57,1.71,5.25,0.327,0.355,-0.029
38,202689,Kemba Walker,1610612752,NYK,G,31.0,18,18,0.477,2.17,5.22,0.415,0.36,0.055
39,1627759,Jaylen Brown,1610612738,BOS,G-F,25.0,14,14,0.445,1.21,5.21,0.233,0.35,-0.117
40,1628384,OG Anunoby,1610612761,TOR,F,24.0,15,15,0.429,1.53,5.2,0.295,0.345,-0.05
41,1628374,Lauri Markkanen,1610612739,CLE,F-C,24.0,21,20,0.403,1.62,5.14,0.315,0.362,-0.047
42,1630163,LaMelo Ball,1610612766,CHA,G,20.0,23,23,0.518,1.74,5.13,0.339,0.345,-0.006
43,1630596,Evan Mobley,1610612739,CLE,C,20.0,25,25,0.31,1.96,5.12,0.383,0.361,0.022
44,203114,Khris Middleton,1610612749,MIL,F,30.0,21,21,0.543,1.57,5.1,0.308,0.357,-0.048
45,1626179,Terry Rozier,1610612766,CHA,G,27.0,20,20,0.498,1.75,5.05,0.347,0.362,-0.016
46,203992,Bogdan Bogdanovic,1610612737,ATL,G,29.0,20,19,0.486,1.9,5.05,0.376,0.348,0.028
47,203897,Zach LaVine,1610612741,CHI,G-F,26.0,27,27,0.495,2.07,5.04,0.412,0.348,0.063
48,1630169,Tyrese Haliburton,1610612758,SAC,G,21.0,26,26,0.498,1.62,5.0,0.323,0.344,-0.021
49,203552,Seth Curry,1610612755,PHI,G,31.0,26,26,0.522,2.04,5.0,0.408,0.367,0.04
50,1628035,Alfonzo McKinnie,1610612741,CHI,F,29.0,1,1,0.5,2.0,5.0,0.4,0.364,0.036
51,203109,Jae Crowder,1610612756,PHX,F,31.0,27,27,0.429,1.89,4.96,0.381,0.352,0.029
52,1630591,Jalen Suggs,1610612753,ORL,G,20.0,21,21,0.479,1.67,4.95,0.337,0.366,-0.03
53,1628381,John Collins,1610612737,ATL,F-C,24.0,28,28,0.337,1.79,4.93,0.362,0.351,0.011
54,1630178,Tyrese Maxey,1610612755,PHI,G,21.0,28,28,0.437,1.86,4.93,0.377,0.361,0.016
55,1627827,Dorian Finney-Smith,1610612742,DAL,F,28.0,28,28,0.414,1.61,4.93,0.326,0.343,-0.017
56,203507,Giannis Antetokounmpo,1610612749,MIL,F,27.0,26,26,0.375,1.88,4.92,0.383,0.35,0.033
57,1626181,Norman Powell,1610612757,POR,G,28.0,25,24,0.486,1.52,4.92,0.309,0.346,-0.037
58,203078,Bradley Beal,1610612764,WAS,G,28.0,26,26,0.467,1.65,4.92,0.336,0.363,-0.027
59,1626162,Kelly Oubre Jr.,1610612766,CHA,F-G,26.0,29,29,0.472,1.9,4.9,0.387,0.357,0.03
60,201143,Al Horford,1610612738,BOS,C-F,35.0,24,24,0.344,1.75,4.88,0.359,0.337,0.022
61,1627749,Dejounte Murray,1610612759,SAS,G,25.0,27,26,0.409,2.07,4.85,0.427,0.35,0.077
62,1629639,Tyler Herro,1610612748,MIA,G,21.0,25,25,0.475,1.12,4.84,0.231,0.354,-0.122
63,201145,Jeff Green,1610612743,DEN,F,35.0,28,27,0.474,1.86,4.82,0.385,0.347,0.038
64,1628401,Derrick White,1610612759,SAS,G,27.0,27,26,0.406,2.04,4.81,0.423,0.34,0.083
65,1630165,Killian Hayes,1610612765,DET,G,20.0,21,21,0.455,1.86,4.81,0.386,0.36,0.026
66,1630529,Herbert Jones,1610612740,NOP,F,23.0,27,26,0.443,1.74,4.74,0.367,0.349,0.018
67,1626220,Royce O'Neale,1610612762,UTA,F,28.0,25,25,0.395,1.68,4.72,0.356,0.339,0.017
68,203496,Robert Covington,1610612757,POR,F,31.0,29,29,0.428,2.03,4.72,0.431,0.356,0.075
69,2544,LeBron James,1610612747,LAL,F,36.0,17,17,0.402,1.35,4.71,0.288,0.335,-0.047
70,1629029,Luka Doncic,1610612742,DAL,F-G,22.0,21,20,0.398,1.9,4.71,0.404,0.347,0.057
71,201988,Patty Mills,1610612751,BKN,G,33.0,28,28,0.564,1.46,4.71,0.311,0.343,-0.032
72,1628998,Cody Martin,1610612766,CHA,F,26.0,27,26,0.492,1.74,4.7,0.37,0.345,0.025
73,202694,Marcus Morris Sr.,1610612746,LAC,F,32.0,13,13,0.469,2.08,4.69,0.443,0.362,0.08
74,1630224,Jalen Green,1610612745,HOU,G,19.0,18,18,0.512,1.78,4.67,0.381,0.352,0.029
75,1630559,Austin Reaves,1610612747,LAL,G,23.0,17,16,0.473,1.18,4.65,0.253,0.34,-0.087
76,1629628,RJ Barrett,1610612752,NYK,F-G,21.0,25,23,0.455,1.68,4.64,0.362,0.355,0.007
77,1627936,Alex Caruso,1610612741,CHI,G,27.0,24,23,0.472,1.21,4.63,0.261,0.353,-0.092
78,1628969,Mikal Bridges,1610612756,PHX,F,25.0,27,27,0.413,1.48,4.63,0.32,0.341,-0.021
79,202710,Jimmy Butler,1610612748,MIA,F,32.0,18,18,0.525,1.78,4.61,0.386,0.341,0.044
80,202330,Gordon Hayward,1610612766,CHA,F,31.0,29,29,0.446,1.59,4.59,0.346,0.35,-0.004
81,203115,Will Barton,1610612743,DEN,G,30.0,24,23,0.458,1.58,4.58,0.345,0.352,-0.007
82,1629636,Darius Garland,1610612739,CLE,G,21.0,28,28,0.474,1.61,4.57,0.352,0.36,-0.008
83,1629057,Robert Williams III,1610612738,BOS,C-F,24.0,21,21,0.421,1.24,4.57,0.271,0.34,-0.07
84,1629216,Gabe Vincent,1610612748,MIA,G,25.0,23,23,0.59,1.48,4.57,0.324,0.351,-0.028
85,1628997,Caleb Martin,1610612748,MIA,F,26.0,22,21,0.549,1.18,4.55,0.26,0.336,-0.076
86,1630537,Chris Duarte,1610612754,IND,G,24.0,28,28,0.429,1.5,4.54,0.331,0.355,-0.024
87,203944,Julius Randle,1610612752,NYK,F-C,27.0,28,27,0.362,1.64,4.54,0.362,0.36,0.003
88,1629130,Duncan Robinson,1610612748,MIA,F,27.0,29,29,0.46,1.79,4.52,0.397,0.351,0.046
89,1629629,Cam Reddish,1610612737,ATL,F-G,22.0,24,23,0.498,1.33,4.5,0.296,0.34,-0.044
90,1630256,Jae'Sean Tate,1610612745,HOU,F,26.0,28,28,0.421,1.54,4.5,0.341,0.344,-0.003
91,1628389,Bam Adebayo,1610612748,MIA,C-F,24.0,18,17,0.403,1.39,4.5,0.309,0.352,-0.044
92,201980,Danny Green,1610612755,PHI,G,34.0,22,22,0.454,1.86,4.5,0.414,0.36,0.054
93,1628984,Devonte' Graham,1610612740,NOP,G,26.0,27,27,0.524,1.63,4.48,0.364,0.341,0.022
94,1628964,Mo Bamba,1610612753,ORL,C,23.0,27,27,0.3,1.33,4.48,0.298,0.342,-0.045
95,1629640,Keldon Johnson,1610612759,SAS,F-G,22.0,26,25,0.407,1.42,4.46,0.319,0.345,-0.026
96,201566,Russell Westbrook,1610612747,LAL,G,33.0,29,29,0.443,1.66,4.45,0.372,0.343,0.029
97,1629008,Michael Porter Jr.,1610612743,DEN,F,23.0,8,8,0.438,1.5,4.38,0.343,0.365,-0.022
98,1630581,Josh Giddey,1610612760,OKC,G,19.0,25,24,0.447,1.4,4.36,0.321,0.353,-0.032
99,203932,Aaron Gordon,1610612743,DEN,F,26.0,28,28,0.391,1.54,4.36,0.352,0.357,-0.005
100,203954,Joel Embiid,1610612755,PHI,C-F,27.0,18,17,0.267,1.28,4.33,0.295,0.346,-0.051
101,201588,George Hill,1610612749,MIL,G,35.0,24,23,0.439,1.5,4.33,0.346,0.344,0.002
102,1629002,Chimezie Metu,1610612758,SAC,F-C,24.0,15,15,0.385,1.47,4.33,0.338,0.35,-0.011
103,1630183,Jaden McDaniels,1610612750,MIN,F,21.0,25,25,0.429,1.6,4.32,0.37,0.358,0.012
104,1630558,Davion Mitchell,1610612758,SAC,G,23.0,28,28,0.455,1.46,4.32,0.339,0.347,-0.008
105,1629645,Kevin Porter Jr.,1610612745,HOU,G-F,21.0,19,19,0.474,1.21,4.32,0.28,0.333,-0.052
106,201939,Stephen Curry,1610612744,GSW,G,33.0,26,26,0.498,1.04,4.31,0.241,0.347,-0.106
107,1630217,Desmond Bane,1610612763,MEM,G,23.0,29,28,0.448,1.69,4.31,0.392,0.35,0.042
108,203110,Draymond Green,1610612744,GSW,F,31.0,27,26,0.387,1.59,4.3,0.371,0.35,0.021
109,1627742,Brandon Ingram,1610612740,NOP,F,24.0,23,23,0.485,1.48,4.3,0.343,0.352,-0.009
110,202692,Alec Burks,1610612752,NYK,G,30.0,27,26,0.462,1.37,4.3,0.319,0.354,-0.035
111,1627763,Malcolm Brogdon,1610612754,IND,G,29.0,25,25,0.385,1.6,4.28,0.374,0.356,0.018
112,201565,Derrick Rose,1610612752,NYK,G,33.0,25,25,0.495,1.36,4.28,0.318,0.351,-0.034
113,203471,Dennis Schroder,1610612738,BOS,G,28.0,27,27,0.436,1.41,4.26,0.33,0.353,-0.023
114,1630171,Isaac Okoro,1610612739,CLE,F-G,20.0,23,22,0.432,1.13,4.26,0.265,0.355,-0.09
115,202696,Nikola Vucevic,1610612741,CHI,C,31.0,20,17,0.239,1.4,4.25,0.329,0.342,-0.013
116,1629638,Nickeil Alexander-Walker,1610612740,NOP,G,23.0,30,30,0.412,1.4,4.2,0.333,0.35,-0.017
117,203482,Kelly Olynyk,1610612765,DET,F-C,30.0,10,10,0.359,2.4,4.2,0.571,0.345,0.226
118,203915,Spencer Dinwiddie,1610612764,WAS,G,28.0,25,25,0.463,1.48,4.2,0.352,0.352,0.001
119,201144,Mike Conley,1610612762,UTA,G,34.0,25,24,0.413,1.44,4.2,0.343,0.34,0.002
120,1628973,Jalen Brunson,1610612742,DAL,G,25.0,27,27,0.516,1.56,4.19,0.372,0.347,0.024
121,203095,Evan Fournier,1610612752,NYK,G-F,29.0,28,28,0.515,1.18,4.18,0.282,0.355,-0.073
122,202339,Eric Bledsoe,1610612746,LAC,G,32.0,29,28,0.472,1.48,4.14,0.358,0.349,0.01
123,2546,Carmelo Anthony,1610612747,LAL,F,37.0,29,27,0.467,1.52,4.14,0.367,0.341,0.026
124,1629642,Nassir Little,1610612757,POR,F-G,21.0,25,25,0.448,1.4,4.12,0.34,0.367,-0.027
125,1629630,Ja Morant,1610612763,MEM,G,22.0,19,17,0.429,1.89,4.11,0.462,0.36,0.101
126,1627736,Malik Beasley,1610612750,MIN,G,25.0,28,28,0.54,1.43,4.11,0.348,0.354,-0.007
127,201933,Blake Griffin,1610612751,BKN,F,32.0,20,20,0.357,1.4,4.1,0.341,0.344,-0.003
128,1628991,Jaren Jackson Jr.,1610612763,MEM,F-C,22.0,28,28,0.342,1.54,4.07,0.377,0.349,0.028
129,203925,Joe Harris,1610612751,BKN,G-F,30.0,14,14,0.368,1.29,4.07,0.316,0.349,-0.033
130,1629011,Mitchell Robinson,1610612752,NYK,C-F,23.0,25,23,0.356,1.84,4.04,0.455,0.347,0.108
131,1629018,Gary Trent Jr.,1610612761,TOR,G-F,22.0,26,25,0.528,1.62,4.04,0.4,0.34,0.06
132,203501,Tim Hardaway Jr.,1610612742,DAL,G-F,29.0,28,28,0.452,1.36,4.0,0.339,0.345,-0.005
133,203926,Doug McDermott,1610612759,SAS,F,29.0,20,20,0.488,1.4,4.0,0.35,0.346,0.004
134,1629028,Deandre Ayton,1610612756,PHX,C,23.0,19,18,0.239,1.37,4.0,0.342,0.342,0.0
135,101108,Chris Paul,1610612756,PHX,G,36.0,27,26,0.489,1.48,4.0,0.37,0.349,0.022
136,1628989,Kevin Huerter,1610612737,ATL,G-F,23.0,27,27,0.482,1.22,3.96,0.308,0.353,-0.044
137,1629684,Grant Williams,1610612738,BOS,F,23.0,28,25,0.42,1.54,3.96,0.387,0.348,0.039
138,1626157,Karl-Anthony Towns,1610612750,MIN,C-F,26.0,27,26,0.278,1.48,3.96,0.374,0.364,0.01
139,1628369,Jayson Tatum,1610612738,BOS,F-G,23.0,28,28,0.369,1.36,3.93,0.345,0.359,-0.014
140,1629003,Shake Milton,1610612755,PHI,G-F,25.0,24,24,0.49,1.25,3.92,0.319,0.351,-0.032
141,203914,Gary Harris,1610612753,ORL,G,27.0,22,22,0.538,1.59,3.91,0.407,0.375,0.032
142,1627747,Caris LeVert,1610612754,IND,G,27.0,22,21,0.506,1.14,3.91,0.291,0.352,-0.061
143,1629651,Nic Claxton,1610612751,BKN,F-C,22.0,10,10,0.402,1.5,3.9,0.385,0.356,0.029
144,1629667,Jalen McDaniels,1610612766,CHA,F-C,23.0,19,18,0.446,1.32,3.89,0.338,0.343,-0.005
145,1628464,Daniel Theis,1610612745,HOU,F-C,29.0,19,18,0.319,1.26,3.89,0.324,0.345,-0.021
146,1628420,Monte Morris,1610612743,DEN,G,26.0,28,27,0.48,0.89,3.89,0.229,0.357,-0.127
147,1629001,De'Anthony Melton,1610612763,MEM,G,23.0,26,26,0.428,1.65,3.88,0.426,0.341,0.084
148,201976,Patrick Beverley,1610612750,MIN,G,33.0,20,19,0.475,0.85,3.85,0.221,0.34,-0.119
149,203090,Maurice Harkless,1610612758,SAC,F-G,28.0,18,15,0.483,1.22,3.83,0.319,0.354,-0.035
150,1629680,Matisse Thybulle,1610612755,PHI,G-F,24.0,22,22,0.438,0.82,3.82,0.214,0.346,-0.132
151,1629012,Collin Sexton,1610612739,CLE,G,22.0,11,11,0.472,1.09,3.82,0.286,0.365,-0.08
152,203082,Terrence Ross,1610612753,ORL,G-F,30.0,28,25,0.573,1.54,3.79,0.406,0.354,0.052
153,203084,Harrison Barnes,1610612758,SAC,F,29.0,23,23,0.348,1.35,3.78,0.356,0.358,-0.002
154,1628976,Wendell Carter Jr.,1610612753,ORL,C-F,22.0,29,29,0.291,1.03,3.76,0.275,0.34,-0.065
155,1628370,Malik Monk,1610612747,LAL,G,23.0,28,26,0.455,1.0,3.75,0.267,0.34,-0.073
156,203497,Rudy Gobert,1610612762,UTA,C,29.0,27,24,0.205,1.15,3.74,0.307,0.338,-0.031
157,1628378,Donovan Mitchell,1610612762,UTA,G,25.0,26,24,0.48,1.23,3.73,0.33,0.355,-0.025
158,201961,Wayne Ellington,1610612747,LAL,G,34.0,21,21,0.542,1.43,3.71,0.385,0.347,0.038
159,202693,Markieff Morris,1610612748,MIA,F,32.0,10,10,0.578,1.0,3.7,0.27,0.352,-0.081
160,203145,Kent Bazemore,1610612747,LAL,G-F,32.0,19,17,0.438,1.32,3.68,0.357,0.341,0.016
161,1630166,Deni Avdija,1610612764,WAS,F,20.0,29,27,0.356,1.03,3.66,0.283,0.35,-0.067
162,1627777,Georges Niang,1610612755,PHI,F,28.0,28,28,0.388,1.21,3.64,0.333,0.349,-0.016
163,1627741,Buddy Hield,1610612758,SAC,G,28.0,28,28,0.351,1.43,3.61,0.396,0.355,0.041
164,1630172,Patrick Williams,1610612741,CHI,F,20.0,5,5,0.367,1.0,3.6,0.278,0.338,-0.061
165,201567,Kevin Love,1610612739,CLE,F-C,33.0,22,21,0.427,1.09,3.59,0.304,0.348,-0.044
166,1629622,Max Strus,1610612748,MIA,G-F,25.0,21,21,0.5,1.38,3.57,0.387,0.364,0.022
167,1629020,Jarred Vanderbilt,1610612750,MIN,F,22.0,27,25,0.44,1.04,3.56,0.292,0.353,-0.062
168,1628400,Semi Ojeleye,1610612749,MIL,F,27.0,11,10,0.488,1.09,3.55,0.308,0.355,-0.048
169,1628963,Marvin Bagley III,1610612758,SAC,F,22.0,13,12,0.455,1.0,3.54,0.283,0.346,-0.063
170,1629014,Anfernee Simons,1610612757,POR,G,22.0,24,23,0.457,1.33,3.54,0.376,0.359,0.018
171,201569,Eric Gordon,1610612745,HOU,G,32.0,23,23,0.479,0.91,3.52,0.259,0.344,-0.085
172,202711,Bojan Bogdanovic,1610612762,UTA,F,32.0,27,25,0.42,1.26,3.52,0.358,0.327,0.031
173,204001,Kristaps Porzingis,1610612742,DAL,F-C,26.0,21,20,0.273,1.33,3.52,0.378,0.35,0.028
174,203924,Jerami Grant,1610612765,DET,F,27.0,24,24,0.424,1.21,3.5,0.345,0.346,-0.001
175,202340,Avery Bradley,1610612747,LAL,G,31.0,26,25,0.455,1.46,3.5,0.418,0.344,0.073
176,1630550,JT Thor,1610612766,CHA,F,19.0,6,6,0.457,0.83,3.5,0.238,0.358,-0.12
177,1628386,Jarrett Allen,1610612739,CLE,C,23.0,27,26,0.242,1.22,3.48,0.351,0.349,0.002
178,1628971,Bruce Brown,1610612751,BKN,G-F,25.0,24,21,0.399,0.96,3.46,0.277,0.349,-0.072
179,1629611,Terance Mann,1610612746,LAC,G-F,25.0,28,26,0.411,1.11,3.46,0.32,0.35,-0.03
180,201937,Ricky Rubio,1610612739,CLE,G,31.0,30,28,0.454,0.83,3.43,0.243,0.338,-0.095
181,203999,Nikola Jokic,1610612743,DEN,C,26.0,23,23,0.198,1.26,3.43,0.367,0.348,0.019
182,201152,Thaddeus Young,1610612759,SAS,F,33.0,21,20,0.456,1.24,3.43,0.361,0.335,0.026
183,203991,Clint Capela,1610612737,ATL,C,27.0,28,26,0.22,1.11,3.43,0.323,0.345,-0.022
184,1627751,Jakob Poeltl,1610612759,SAS,C,26.0,20,20,0.205,1.45,3.4,0.426,0.355,0.071
185,201568,Danilo Gallinari,1610612737,ATL,F,33.0,25,24,0.421,1.12,3.4,0.329,0.339,-0.01
186,1629673,Jordan Poole,1610612744,GSW,G,22.0,28,28,0.485,1.14,3.39,0.337,0.344,-0.007
187,1629750,Javonte Green,1610612741,CHI,G-F,28.0,23,22,0.443,1.26,3.39,0.372,0.359,0.013
188,1628467,Maxi Kleber,1610612742,DAL,F,29.0,18,17,0.337,1.44,3.39,0.426,0.341,0.085
189,201949,James Johnson,1610612751,BKN,F,34.0,18,17,0.462,1.22,3.39,0.361,0.34,0.021
190,1630180,Saddiq Bey,1610612765,DET,F,22.0,26,26,0.406,1.46,3.38,0.432,0.355,0.077
191,202685,Jonas Valanciunas,1610612740,NOP,C,29.0,30,28,0.238,1.3,3.37,0.386,0.347,0.039
192,1627814,Damion Lee,1610612744,GSW,G-F,29.0,22,22,0.46,1.05,3.36,0.311,0.332,-0.021
193,1626196,Josh Richardson,1610612738,BOS,G,28.0,20,17,0.424,1.4,3.35,0.418,0.345,0.073
194,1628398,Kyle Kuzma,1610612764,WAS,F,26.0,27,27,0.272,1.19,3.33,0.356,0.356,0.0
195,1629139,Yuta Watanabe,1610612761,TOR,G-F,27.0,9,9,0.429,1.11,3.33,0.333,0.338,-0.005
196,203903,Jordan Clarkson,1610612762,UTA,G,29.0,27,27,0.419,0.96,3.33,0.289,0.34,-0.051
197,203526,Raul Neto,1610612764,WAS,G,29.0,28,28,0.423,1.21,3.32,0.366,0.36,0.006
198,1630267,Facundo Campazzo,1610612743,DEN,G,30.0,27,25,0.494,1.41,3.3,0.427,0.358,0.069
199,1628372,Dennis Smith Jr.,1610612757,POR,G,24.0,14,14,0.484,1.0,3.29,0.304,0.345,-0.041
200,202066,Garrett Temple,1610612740,NOP,G-F,35.0,28,27,0.428,1.36,3.29,0.413,0.349,0.064
201,203200,Justin Holiday,1610612754,IND,F-G,32.0,24,23,0.382,1.38,3.29,0.418,0.358,0.06
202,1629023,P.J. Washington,1610612766,CHA,F,23.0,17,16,0.281,1.18,3.29,0.357,0.358,-0.001
203,1627734,Domantas Sabonis,1610612754,IND,F-C,25.0,30,28,0.251,1.03,3.27,0.316,0.348,-0.031
204,202699,Tobias Harris,1610612755,PHI,F,29.0,20,19,0.32,1.0,3.25,0.308,0.345,-0.038
205,203484,Kentavious Caldwell-Pope,1610612764,WAS,G,28.0,29,27,0.416,1.14,3.24,0.351,0.351,0.0
206,204060,Joe Ingles,1610612762,UTA,F-G,34.0,27,26,0.483,0.78,3.22,0.241,0.333,-0.092
207,203457,Nerlens Noel,1610612752,NYK,C-F,27.0,14,14,0.259,1.07,3.21,0.333,0.342,-0.009
208,1626166,Cameron Payne,1610612756,PHX,G,27.0,22,21,0.511,1.05,3.18,0.329,0.366,-0.038
209,1628432,Davon Reed,1610612743,DEN,G,26.0,6,5,0.514,1.17,3.17,0.368,0.376,-0.008
210,1629022,Lonnie Walker IV,1610612759,SAS,G-F,23.0,26,25,0.494,0.88,3.15,0.28,0.328,-0.047
211,1630547,James Bouknight,1610612766,CHA,G,21.0,7,6,0.579,1.57,3.14,0.5,0.342,0.158
212,204456,T.J. McConnell,1610612754,IND,G,29.0,24,23,0.455,0.92,3.13,0.293,0.358,-0.064
213,1627788,Furkan Korkmaz,1610612755,PHI,G-F,24.0,27,26,0.48,1.22,3.11,0.393,0.362,0.031
214,202357,Nemanja Bjelica,1610612744,GSW,F,33.0,28,26,0.378,0.96,3.11,0.31,0.355,-0.045
215,1630193,Immanuel Quickley,1610612752,NYK,G,22.0,28,27,0.463,1.04,3.11,0.333,0.354,-0.02
216,1630192,Zeke Nnaji,1610612743,DEN,F-C,20.0,13,11,0.435,1.38,3.08,0.45,0.347,0.103
217,1630191,Isaiah Stewart,1610612765,DET,F-C,20.0,24,23,0.234,1.13,3.08,0.365,0.348,0.017
218,1629026,Kenrich Williams,1610612760,OKC,G-F,27.0,24,22,0.487,1.0,3.04,0.329,0.349,-0.021
219,203500,Steven Adams,1610612763,MEM,C,28.0,29,28,0.281,1.03,3.03,0.341,0.339,0.002
220,200752,Rudy Gay,1610612762,UTA,F-G,35.0,13,13,0.433,1.23,3.0,0.41,0.326,0.084
221,202709,Cory Joseph,1610612765,DET,G,30.0,24,21,0.391,1.04,3.0,0.347,0.337,0.01
222,1629056,Terence Davis,1610612758,SAC,G,24.0,18,13,0.419,0.94,3.0,0.315,0.364,-0.049
223,201587,Nicolas Batum,1610612746,LAC,G-F,33.0,15,15,0.375,0.87,3.0,0.289,0.352,-0.063
224,1630578,Alperen Sengun,1610612745,HOU,C,19.0,27,25,0.319,1.19,3.0,0.395,0.354,0.041
225,1630181,R.J. Hampton,1610612753,ORL,G,20.0,29,26,0.494,1.28,2.97,0.43,0.353,0.078
226,1630526,Jeremiah Robinson-Earl,1610612760,OKC,F,21.0,27,24,0.338,1.19,2.96,0.4,0.351,0.049
227,1628408,P.J. Dozier,1610612743,DEN,G-F,25.0,18,18,0.431,0.94,2.94,0.321,0.345,-0.025
228,201942,DeMar DeRozan,1610612741,CHI,G-F,32.0,24,23,0.365,0.88,2.92,0.3,0.339,-0.039
229,1629643,Chuma Okeke,1610612753,ORL,F,23.0,23,22,0.385,1.0,2.91,0.343,0.356,-0.013
230,1630533,Ziaire Williams,1610612763,MEM,F,20.0,19,18,0.545,0.89,2.89,0.309,0.346,-0.037
231,1627863,Danuel House Jr.,1610612745,HOU,F-G,28.0,15,15,0.462,0.93,2.87,0.326,0.322,0.004
232,1629004,Svi Mykhailiuk,1610612761,TOR,G-F,24.0,28,26,0.537,1.29,2.86,0.45,0.349,0.101
233,1630173,Precious Achiuwa,1610612761,TOR,F,22.0,21,17,0.255,1.0,2.86,0.35,0.343,0.007
234,1628367,Josh Jackson,1610612765,DET,G-F,24.0,22,22,0.47,0.95,2.86,0.333,0.364,-0.031
235,1626204,Larry Nance Jr.,1610612757,POR,F-C,28.0,29,26,0.386,0.97,2.86,0.337,0.362,-0.024
236,1629670,Jordan Nwora,1610612749,MIL,F,23.0,23,20,0.485,0.78,2.83,0.277,0.35,-0.073
237,1627826,Ivica Zubac,1610612746,LAC,C,24.0,29,25,0.218,1.07,2.83,0.378,0.342,0.036
238,1626145,Tyus Jones,1610612763,MEM,G,25.0,29,27,0.526,0.86,2.83,0.305,0.342,-0.037
239,1628379,Luke Kennard,1610612746,LAC,G,25.0,29,26,0.364,0.62,2.83,0.22,0.339,-0.12
240,1626167,Myles Turner,1610612754,IND,C-F,25.0,29,27,0.187,1.28,2.83,0.451,0.348,0.103
241,1629006,Josh Okogie,1610612750,MIN,G,23.0,18,17,0.472,1.0,2.83,0.353,0.331,0.022
242,1630197,Aleksej Pokusevski,1610612760,OKC,F,19.0,26,24,0.432,1.0,2.81,0.356,0.325,0.031
243,1629661,Cameron Johnson,1610612756,PHX,F,25.0,27,26,0.362,1.11,2.81,0.395,0.352,0.043
244,203463,Ben McLemore,1610612757,POR,G,28.0,10,10,0.667,1.2,2.8,0.429,0.348,0.081
245,1630598,Aaron Wiggins,1610612760,OKC,G,22.0,10,9,0.444,1.1,2.8,0.393,0.356,0.037
246,1628778,Paul Watson,1610612760,OKC,G,26.0,5,5,0.424,0.6,2.8,0.214,0.35,-0.136
247,203920,Khem Birch,1610612761,TOR,C,29.0,15,14,0.286,1.0,2.8,0.357,0.32,0.037
248,1626172,Kevon Looney,1610612744,GSW,F,25.0,28,26,0.293,0.86,2.79,0.308,0.35,-0.042
249,1629634,Brandon Clarke,1610612763,MEM,F,25.0,19,18,0.39,1.11,2.79,0.396,0.363,0.034
250,1630560,Cam Thomas,1610612751,BKN,G,20.0,18,16,0.467,0.72,2.78,0.26,0.349,-0.089
251,1629308,Juan Toscano-Anderson,1610612744,GSW,F,28.0,27,24,0.42,1.0,2.74,0.365,0.335,0.03
252,1629013,Landry Shamet,1610612756,PHX,G,24.0,26,23,0.449,0.88,2.73,0.324,0.343,-0.019
253,200746,LaMarcus Aldridge,1610612751,BKN,C-F,36.0,25,21,0.252,0.88,2.72,0.324,0.339,-0.015
254,200765,Rajon Rondo,1610612747,LAL,G,35.0,14,12,0.514,0.79,2.71,0.289,0.34,-0.051
255,1629731,Dean Wade,1610612739,CLE,F-C,25.0,20,16,0.318,1.3,2.7,0.481,0.365,0.116
256,1628966,Keita Bates-Diop,1610612759,SAS,F,25.0,19,18,0.451,0.89,2.68,0.333,0.322,0.011
257,1630170,Devin Vassell,1610612759,SAS,G-F,21.0,22,21,0.399,0.86,2.68,0.322,0.331,-0.009
258,1630538,Bones Hyland,1610612743,DEN,G,21.0,19,19,0.468,0.95,2.68,0.353,0.349,0.004
259,1630561,David Duke Jr.,1610612751,BKN,G,22.0,3,3,0.471,0.67,2.67,0.25,0.368,-0.118
260,203901,Elfrid Payton,1610612756,PHX,G,27.0,12,11,0.525,0.75,2.67,0.281,0.353,-0.072
261,1626224,Cedi Osman,1610612739,CLE,F,26.0,24,22,0.421,0.71,2.67,0.266,0.334,-0.069
262,1628470,Torrey Craig,1610612754,IND,F,30.0,26,23,0.426,1.23,2.65,0.464,0.356,0.108
263,1629723,John Konchar,1610612763,MEM,G,25.0,27,24,0.41,0.89,2.63,0.338,0.347,-0.009
264,1630231,Kenyon Martin Jr.,1610612745,HOU,F,20.0,26,24,0.428,0.77,2.62,0.294,0.352,-0.057
265,1627780,Gary Payton II,1610612744,GSW,G,29.0,26,23,0.591,0.85,2.62,0.324,0.355,-0.031
266,1629185,Chris Chiozza,1610612744,GSW,G,26.0,10,10,0.531,0.6,2.6,0.231,0.343,-0.112
267,203486,Mason Plumlee,1610612766,CHA,F-C,31.0,20,20,0.206,0.5,2.6,0.192,0.333,-0.141
268,1627884,Derrick Jones Jr.,1610612741,CHI,F,24.0,22,21,0.331,0.91,2.59,0.351,0.356,-0.005
269,1630167,Obi Toppin,1610612752,NYK,F,23.0,26,25,0.441,0.88,2.58,0.343,0.345,-0.002
270,1627761,DeAndre' Bembry,1610612751,BKN,G-F,27.0,26,22,0.424,0.58,2.58,0.224,0.35,-0.126
271,2738,Andre Iguodala,1610612744,GSW,G-F,37.0,14,14,0.391,0.79,2.57,0.306,0.335,-0.029
272,203937,Kyle Anderson,1610612763,MEM,F-G,28.0,25,22,0.354,0.92,2.56,0.359,0.356,0.004
273,1628392,Isaiah Hartenstein,1610612746,LAC,C-F,23.0,28,25,0.236,0.93,2.54,0.366,0.327,0.039
274,1630606,Javonte Smart,1610612749,MIL,G,22.0,6,6,0.469,0.83,2.5,0.333,0.349,-0.015
275,1628425,Sterling Brown,1610612742,DAL,G-F,26.0,20,19,0.446,0.95,2.5,0.38,0.341,0.039
276,1629021,Moritz Wagner,1610612753,ORL,F-C,24.0,24,20,0.448,1.08,2.5,0.433,0.342,0.091
277,1629717,Armoni Brooks,1610612745,HOU,G,23.0,22,19,0.568,0.64,2.45,0.259,0.348,-0.089
278,1626149,Montrezl Harrell,1610612764,WAS,F-C,27.0,29,25,0.234,0.69,2.45,0.282,0.359,-0.077
279,203107,Tomas Satoransky,1610612740,NOP,G,30.0,25,22,0.513,0.76,2.44,0.311,0.346,-0.034
280,1629632,Coby White,1610612741,CHI,G,21.0,9,8,0.489,0.89,2.44,0.364,0.353,0.011
281,1628988,Aaron Holiday,1610612764,WAS,G,25.0,28,26,0.43,1.0,2.43,0.412,0.352,0.059
282,1627752,Taurean Prince,1610612750,MIN,F,27.0,24,22,0.453,0.88,2.42,0.362,0.346,0.016
283,1630527,Brandon Boston Jr.,1610612746,LAC,G,20.0,12,11,0.468,0.83,2.42,0.345,0.335,0.01
284,101150,Lou Williams,1610612737,ATL,G,35.0,23,22,0.688,0.78,2.39,0.327,0.334,-0.007
285,1630177,Theo Maledon,1610612760,OKC,G,20.0,13,12,0.508,0.92,2.38,0.387,0.356,0.031
286,1629234,Drew Eubanks,1610612759,SAS,F-C,24.0,26,21,0.307,0.65,2.38,0.274,0.338,-0.064
287,1630200,Tre Jones,1610612759,SAS,G,21.0,21,20,0.538,0.95,2.38,0.4,0.347,0.053
288,1628972,Troy Brown Jr.,1610612741,CHI,G-F,22.0,14,12,0.355,0.79,2.36,0.333,0.361,-0.028
289,201959,Taj Gibson,1610612752,NYK,F,36.0,12,11,0.308,0.67,2.33,0.286,0.349,-0.063
290,1629663,Louis King,1610612758,SAC,F,22.0,3,3,0.304,1.33,2.33,0.571,0.347,0.224
291,1629052,Oshae Brissett,1610612754,IND,F-G,23.0,19,16,0.423,0.89,2.32,0.386,0.332,0.054
292,1630544,Tre Mann,1610612760,OKC,G,20.0,19,16,0.396,0.79,2.32,0.341,0.349,-0.008
293,1630240,Saben Lee,1610612765,DET,G,22.0,10,9,0.411,0.6,2.3,0.261,0.335,-0.074
294,202355,Hassan Whiteside,1610612762,UTA,C,32.0,25,22,0.225,0.76,2.28,0.333,0.348,-0.015
295,1629103,Kelan Martin,1610612754,IND,F,26.0,23,20,0.374,0.43,2.26,0.192,0.352,-0.16
296,201580,JaVale McGee,1610612756,PHX,C-F,33.0,27,21,0.254,0.81,2.26,0.361,0.35,0.011
297,1630625,Dalano Banton,1610612761,TOR,F,22.0,27,26,0.504,0.96,2.26,0.426,0.347,0.079
298,203953,Jabari Parker,1610612738,BOS,F,26.0,8,5,0.391,0.75,2.25,0.333,0.356,-0.023
299,1630686,Georgios Kalaitzakis,1610612749,MIL,F,22.0,4,4,0.5,0.75,2.25,0.333,0.334,-0.001
300,1630198,Isaiah Joe,1610612755,PHI,G,22.0,17,14,0.543,1.0,2.24,0.447,0.36,0.088
301,1629675,Naz Reid,1610612750,MIN,C-F,22.0,26,22,0.314,1.0,2.23,0.448,0.343,0.105
302,203473,Dewayne Dedmon,1610612748,MIA,C,32.0,29,23,0.335,0.76,2.21,0.344,0.351,-0.008
303,201609,Goran Dragic,1610612761,TOR,G,35.0,5,5,0.44,1.0,2.2,0.455,0.331,0.124
304,1629656,Quentin Grimes,1610612752,NYK,G,21.0,10,8,0.5,1.0,2.2,0.455,0.364,0.09
305,203504,Trey Burke,1610612742,DAL,G,29.0,15,15,0.524,1.07,2.2,0.485,0.359,0.126
306,1630528,Josh Christopher,1610612745,HOU,G,20.0,15,12,0.541,0.6,2.2,0.273,0.358,-0.086
307,1628449,Chris Boucher,1610612761,TOR,F-C,28.0,26,22,0.326,0.5,2.19,0.228,0.339,-0.111
308,203918,Rodney Hood,1610612749,MIL,G-F,29.0,22,19,0.407,0.95,2.18,0.438,0.356,0.082
309,1630572,Sandro Mamukelashvili,1610612749,MIL,F-C,22.0,12,10,0.4,1.08,2.17,0.5,0.347,0.153
310,1628995,Kevin Knox II,1610612752,NYK,F,22.0,6,5,0.619,1.0,2.17,0.462,0.361,0.101
311,203648,Thanasis Antetokounmpo,1610612749,MIL,F,29.0,20,15,0.422,0.9,2.15,0.419,0.33,0.089
312,1629641,Romeo Langford,1610612738,BOS,G-F,22.0,21,17,0.395,0.67,2.14,0.311,0.351,-0.04
313,1627789,Timothe Luwawu-Cabarrot,1610612737,ATL,G-F,26.0,14,11,0.366,0.86,2.14,0.4,0.357,0.043
314,203490,Otto Porter Jr.,1610612744,GSW,F,28.0,24,21,0.345,0.63,2.13,0.294,0.337,-0.043
315,1629660,Ty Jerome,1610612760,OKC,G-F,24.0,19,18,0.519,0.63,2.11,0.3,0.346,-0.046
316,1628977,Hamidou Diallo,1610612765,DET,G,23.0,19,18,0.408,0.95,2.11,0.45,0.362,0.088
317,203083,Andre Drummond,1610612755,PHI,C,28.0,28,18,0.238,0.75,2.11,0.356,0.359,-0.003
318,203503,Tony Snell,1610612757,POR,G,30.0,22,20,0.447,0.77,2.09,0.37,0.361,0.008
319,201586,Serge Ibaka,1610612746,LAC,F,32.0,11,7,0.329,0.55,2.09,0.261,0.3,-0.039
320,1630214,Xavier Tillman,1610612763,MEM,F,22.0,22,16,0.333,0.77,2.09,0.37,0.319,0.05
321,1627854,Bryn Forbes,1610612759,SAS,G,28.0,25,22,0.598,0.88,2.08,0.423,0.346,0.077
322,202397,Ish Smith,1610612766,CHA,G,33.0,16,14,0.413,0.69,2.06,0.333,0.351,-0.018
323,200794,Paul Millsap,1610612751,BKN,F,36.0,21,19,0.314,0.62,2.05,0.302,0.351,-0.049
324,1628402,Frank Jackson,1610612765,DET,G,23.0,26,22,0.349,0.69,2.04,0.34,0.358,-0.018
325,203493,Reggie Bullock,1610612742,DAL,G-F,30.0,27,22,0.346,0.59,2.04,0.291,0.352,-0.061
326,1626195,Willy Hernangomez,1610612740,NOP,C-F,27.0,15,13,0.27,0.8,2.0,0.4,0.386,0.014
327,1629067,Isaac Bonga,1610612761,TOR,G,22.0,7,6,0.452,0.43,2.0,0.214,0.316,-0.102
328,1629162,Jordan McLaughlin,1610612750,MIN,G,25.0,16,12,0.533,0.88,2.0,0.438,0.363,0.074
329,1628021,David Nwaba,1610612745,HOU,G-F,28.0,20,17,0.404,0.8,2.0,0.4,0.342,0.058
330,203939,Dwight Powell,1610612742,DAL,F-C,30.0,28,25,0.23,0.75,2.0,0.375,0.349,0.026
331,1630647,Eugene Omoruyi,1610612742,DAL,F,24.0,2,2,0.571,0.5,2.0,0.25,0.152,0.098
332,1626153,Delon Wright,1610612737,ATL,G,29.0,24,19,0.414,0.88,2.0,0.438,0.342,0.095
333,1630206,Jay Scrubb,1610612746,LAC,G,21.0,5,5,0.476,0.6,2.0,0.3,0.305,-0.005
334,1630536,Sharife Cooper,1610612737,ATL,G,20.0,1,1,0.667,2.0,2.0,1.0,0.335,0.665
335,1630593,McKinley Wright IV,1610612750,MIN,G,23.0,1,1,1.0,1.0,2.0,0.5,0.291,0.21
336,1630643,Jay Huff,1610612747,LAL,F,24.0,1,1,0.5,0.0,2.0,0.0,0.139,-0.139
337,1629620,Justin Robinson,1610612749,MIL,G,24.0,13,11,0.366,0.62,2.0,0.308,0.327,-0.02
338,201571,D.J. Augustin,1610612745,HOU,G,34.0,23,19,0.464,0.57,1.96,0.289,0.351,-0.062
339,1630235,Trent Forrest,1610612762,UTA,G,23.0,18,15,0.636,0.5,1.94,0.257,0.338,-0.08
340,1630184,Kira Lewis Jr.,1610612740,NOP,G,20.0,24,21,0.426,0.88,1.92,0.457,0.347,0.11
341,203087,Jeremy Lamb,1610612754,IND,G-F,29.0,21,18,0.394,0.43,1.86,0.231,0.35,-0.12
342,202324,Derrick Favors,1610612760,OKC,F,30.0,20,18,0.255,0.8,1.85,0.432,0.331,0.101
343,1630466,Gabriel Deck,1610612760,OKC,F,26.0,6,5,0.524,0.5,1.83,0.273,0.259,0.014
344,203524,Solomon Hill,1610612737,ATL,F,30.0,12,10,0.4,0.75,1.83,0.409,0.327,0.082
345,1626158,Richaun Holmes,1610612758,SAC,F,28.0,21,17,0.154,0.62,1.81,0.342,0.346,-0.004
346,1630205,Lamar Stevens,1610612739,CLE,F,24.0,16,11,0.382,0.5,1.81,0.276,0.349,-0.073
347,1628539,Mychal Mulder,1610612753,ORL,G,27.0,10,8,0.439,0.6,1.8,0.333,0.362,-0.029
348,203210,JaMychal Green,1610612743,DEN,F-C,31.0,25,21,0.296,0.6,1.8,0.333,0.353,-0.02
349,1630210,Markus Howard,1610612743,DEN,G,22.0,10,9,0.643,0.5,1.8,0.278,0.355,-0.077
350,1630174,Aaron Nesmith,1610612738,BOS,G-F,22.0,23,18,0.451,0.78,1.78,0.439,0.361,0.078
351,1629655,Daniel Gafford,1610612764,WAS,F-C,23.0,26,20,0.142,0.77,1.77,0.435,0.345,0.089
352,1629599,Amir Coffey,1610612746,LAC,G-F,24.0,12,10,0.404,0.58,1.75,0.333,0.349,-0.015
353,202684,Tristan Thompson,1610612758,SAC,C-F,30.0,20,14,0.273,0.6,1.75,0.343,0.313,0.03
354,1629653,Devon Dotson,1610612741,CHI,G,22.0,4,2,0.5,1.0,1.75,0.571,0.383,0.188
355,1630530,Trey Murphy III,1610612740,NOP,F,21.0,25,20,0.358,0.64,1.72,0.372,0.343,0.029
356,1629672,Eric Paschall,1610612762,UTA,F,25.0,21,18,0.379,0.57,1.71,0.333,0.342,-0.009
357,202954,Brad Wanamaker,1610612754,IND,G,32.0,17,15,0.403,0.82,1.71,0.483,0.337,0.146
358,1627846,Abdel Nader,1610612756,PHX,F,28.0,14,11,0.369,0.57,1.71,0.333,0.31,0.023
359,203488,Mike Muscala,1610612760,OKC,F-C,30.0,20,18,0.288,0.5,1.7,0.294,0.367,-0.072
360,1626168,Trey Lyles,1610612765,DET,F,26.0,26,20,0.263,0.54,1.69,0.318,0.326,-0.008
361,1629685,Dylan Windler,1610612739,CLE,G-F,25.0,16,10,0.415,0.56,1.69,0.333,0.347,-0.014
362,2730,Dwight Howard,1610612747,LAL,C-F,36.0,25,16,0.236,0.48,1.68,0.286,0.33,-0.044
363,1626163,Frank Kaminsky,1610612756,PHX,F-C,28.0,9,6,0.143,0.56,1.67,0.333,0.31,0.024
364,203458,Alex Len,1610612758,SAC,C,28.0,21,16,0.181,0.62,1.67,0.371,0.303,0.068
365,1630194,Paul Reed,1610612755,PHI,F,22.0,15,13,0.321,0.73,1.67,0.44,0.351,0.089
366,1629671,Miye Oni,1610612762,UTA,G-F,24.0,6,5,0.625,0.67,1.67,0.4,0.314,0.086
367,201577,Robin Lopez,1610612753,ORL,C,33.0,11,6,0.24,0.55,1.64,0.333,0.329,0.004
368,1630228,Jonathan Kuminga,1610612744,GSW,F,19.0,13,10,0.457,0.46,1.62,0.286,0.347,-0.062
369,1628975,Jevon Carter,1610612751,BKN,G,26.0,26,21,0.429,0.46,1.62,0.286,0.331,-0.045
370,203085,Austin Rivers,1610612743,DEN,G,29.0,18,14,0.367,0.39,1.61,0.241,0.36,-0.119
371,1630245,Ayo Dosunmu,1610612741,CHI,G,21.0,25,17,0.339,0.48,1.6,0.3,0.345,-0.045
372,1630202,Payton Pritchard,1610612738,BOS,G,23.0,17,14,0.391,0.53,1.59,0.333,0.32,0.013
373,1630208,Nick Richards,1610612766,CHA,C,24.0,21,17,0.314,0.71,1.57,0.455,0.354,0.101
374,1628427,Vlatko Cancar,1610612743,DEN,F,24.0,7,5,0.423,0.57,1.57,0.364,0.323,0.041
375,1628373,Frank Ntilikina,1610612742,DAL,G,23.0,20,15,0.373,0.25,1.55,0.161,0.361,-0.199
376,1630583,Santi Aldama,1610612763,MEM,F-C,20.0,13,9,0.488,0.46,1.54,0.3,0.324,-0.024
377,203994,Jusuf Nurkic,1610612757,POR,C,27.0,29,23,0.148,0.72,1.52,0.477,0.335,0.142
378,1630182,Josh Green,1610612742,DAL,G,21.0,10,7,0.417,0.6,1.5,0.4,0.372,0.028
379,1629644,KZ Okpala,1610612748,MIA,F-G,22.0,12,9,0.305,0.42,1.5,0.278,0.353,-0.075
380,1629635,Sekou Doumbouya,1610612747,LAL,F,20.0,2,2,0.5,0.0,1.5,0.0,0.359,-0.359
381,1628396,Tony Bradley,1610612741,CHI,C-F,23.0,20,14,0.199,0.5,1.5,0.333,0.316,0.018
382,1630540,Miles McBride,1610612752,NYK,G,21.0,4,2,0.667,0.25,1.5,0.167,0.324,-0.158
383,1629649,Ignas Brazdeikis,1610612753,ORL,F,22.0,12,7,0.383,0.75,1.5,0.5,0.361,0.139
384,201599,DeAndre Jordan,1610612747,LAL,C,33.0,22,16,0.223,0.55,1.5,0.364,0.327,0.036
385,202722,Davis Bertans,1610612764,WAS,F,29.0,18,16,0.28,0.5,1.44,0.346,0.347,-0.001
386,202326,DeMarcus Cousins,1610612749,MIL,C,31.0,7,5,0.333,0.43,1.43,0.3,0.374,-0.074
387,1630586,Usman Garuba,1610612745,HOU,F,19.0,7,4,0.476,0.86,1.43,0.6,0.298,0.302
388,1630688,Ish Wainright,1610612756,PHX,F,27.0,7,6,0.455,0.29,1.43,0.2,0.288,-0.088
389,1630570,Trendon Watford,1610612757,POR,F,21.0,7,5,0.476,1.0,1.43,0.7,0.307,0.393
390,1630551,Justin Champagnie,1610612761,TOR,G-F,20.0,12,9,0.405,0.33,1.42,0.235,0.325,-0.09
391,202683,Enes Freedom,1610612738,BOS,C,29.0,17,14,0.25,0.59,1.41,0.417,0.331,0.086
392,1629744,Matt Thomas,1610612741,CHI,G,27.0,5,2,0.35,0.8,1.4,0.571,0.41,0.161
393,1630209,Omer Yurtseven,1610612748,MIA,C,23.0,15,13,0.3,0.6,1.4,0.429,0.312,0.116
394,203476,Gorgui Dieng,1610612737,ATL,C,31.0,23,15,0.32,0.39,1.39,0.281,0.327,-0.046
395,1630549,Day'Ron Sharpe,1610612751,BKN,F,20.0,8,5,0.423,0.38,1.38,0.273,0.385,-0.112
396,203469,Cody Zeller,1610612757,POR,F-C,29.0,24,16,0.244,0.5,1.38,0.364,0.358,0.005
397,1629637,Jaxson Hayes,1610612740,NOP,C-F,21.0,20,14,0.276,0.2,1.35,0.148,0.306,-0.158
398,1626161,Willie Cauley-Stein,1610612742,DAL,C,28.0,18,12,0.279,0.44,1.33,0.333,0.344,-0.011
399,1630535,Greg Brown III,1610612757,POR,F,20.0,9,7,0.522,0.22,1.33,0.167,0.322,-0.155
400,1629669,Jaylen Nowell,1610612750,MIN,G,22.0,13,10,0.459,0.54,1.31,0.412,0.396,0.016
401,1626159,Justise Winslow,1610612746,LAC,F-G,25.0,16,12,0.309,0.56,1.31,0.429,0.352,0.076
402,202334,Ed Davis,1610612739,CLE,C-F,32.0,10,6,0.265,0.6,1.3,0.462,0.382,0.08
403,1629650,Moses Brown,1610612742,DAL,C,22.0,10,5,0.26,0.4,1.3,0.308,0.318,-0.01
404,1630563,Joshua Primo,1610612759,SAS,G,18.0,7,5,0.273,0.29,1.29,0.222,0.386,-0.164
405,1628993,Alize Johnson,1610612741,CHI,F,25.0,15,10,0.328,0.67,1.27,0.526,0.353,0.174
406,1627745,Damian Jones,1610612758,SAC,C,26.0,11,7,0.264,0.55,1.27,0.429,0.316,0.113
407,202083,Wesley Matthews,1610612749,MIL,G,35.0,4,3,0.625,0.25,1.25,0.2,0.389,-0.189
408,1630219,Skylar Mays,1610612737,ATL,G,24.0,4,4,0.455,0.5,1.25,0.4,0.266,0.134
409,1630539,Kai Jones,1610612766,CHA,C-F,20.0,4,3,0.5,0.25,1.25,0.2,0.325,-0.125
410,1627756,Denzel Valentine,1610612739,CLE,G,28.0,9,8,0.423,0.22,1.22,0.182,0.327,-0.145
411,1630201,Malachi Flynn,1610612761,TOR,G,23.0,18,14,0.449,0.33,1.22,0.273,0.326,-0.054
412,1630557,Corey Kispert,1610612764,WAS,F,22.0,24,20,0.341,0.25,1.21,0.207,0.339,-0.132
413,1630195,Leandro Bolmaro,1610612750,MIN,F,21.0,14,10,0.395,0.36,1.21,0.294,0.332,-0.037
414,1630241,Sam Merrill,1610612763,MEM,G,25.0,5,4,0.353,0.4,1.2,0.333,0.33,0.004
415,1630230,Naji Marshall,1610612740,NOP,F,23.0,17,13,0.426,0.47,1.18,0.4,0.352,0.048
416,1629681,Killian Tillie,1610612763,MEM,F-C,23.0,13,8,0.306,0.38,1.15,0.333,0.35,-0.016
417,1630543,Isaiah Jackson,1610612754,IND,F,19.0,7,4,0.364,0.43,1.14,0.375,0.322,0.053
418,1629604,CJ Elleby,1610612757,POR,F-G,21.0,8,4,0.5,0.25,1.13,0.222,0.308,-0.085
419,1630568,Luka Garza,1610612765,DET,C,22.0,15,7,0.213,0.53,1.07,0.5,0.35,0.15
420,1630215,Jared Butler,1610612762,UTA,G,21.0,15,10,0.485,0.2,1.07,0.188,0.264,-0.076
421,1630525,David Johnson,1610612761,TOR,G,20.0,1,1,0.5,0.0,1.0,0.0,0.0,0.0
422,1629833,Keljin Blevins,1610612757,POR,G,26.0,3,2,0.75,0.33,1.0,0.333,0.401,-0.068
423,1630250,Marko Simonovic,1610612741,CHI,C,22.0,3,2,0.3,0.33,1.0,0.333,0.182,0.151
424,1629605,Tacko Fall,1610612739,CLE,C,26.0,5,4,0.556,0.4,1.0,0.4,0.328,0.072
425,1630249,Vit Krejci,1610612760,OKC,G,21.0,1,1,0.25,0.0,1.0,0.0,0.414,-0.414
426,1629676,Isaiah Roby,1610612760,OKC,F,23.0,13,9,0.206,0.38,1.0,0.385,0.339,0.046
427,1630585,Marcus Garrett,1610612748,MIA,G,23.0,2,1,0.5,1.0,1.0,1.0,0.371,0.629
428,1628990,Chandler Hutchison,1610612756,PHX,F-G,25.0,1,1,1.0,1.0,1.0,1.0,0.271,0.729
429,1629083,Arnoldas Kulboka,1610612766,CHA,F,23.0,1,1,1.0,0.0,1.0,0.0,0.348,-0.348
430,1630176,Vernon Carey Jr.,1610612766,CHA,F-C,20.0,1,1,0.25,1.0,1.0,1.0,0.388,0.612
431,1626155,Sam Dekker,1610612761,TOR,F,27.0,1,1,0.5,1.0,1.0,1.0,0.269,0.731
432,1630582,Yves Pons,1610612763,MEM,F,22.0,2,1,0.4,0.0,1.0,0.0,0.38,-0.38
433,1627774,Jake Layman,1610612750,MIN,F,27.0,6,3,0.5,0.0,1.0,0.0,0.288,-0.288
434,1630233,Nathan Knight,1610612750,MIN,F-C,24.0,9,5,0.391,0.22,1.0,0.222,0.424,-0.201
435,1629633,Jarrett Culver,1610612763,MEM,G-F,22.0,10,6,0.4,0.6,1.0,0.6,0.357,0.243
436,1629048,Goga Bitadze,1610612754,IND,C-F,22.0,13,7,0.197,0.23,1.0,0.231,0.323,-0.092
437,1629626,Bol Bol,1610612743,DEN,C-F,22.0,8,4,0.364,0.25,1.0,0.25,0.352,-0.102
438,1630186,Jahmi'us Ramsey,1610612758,SAC,G,20.0,6,4,0.353,0.33,1.0,0.333,0.356,-0.023
439,1629712,Didi Louzada,1610612740,NOP,G,22.0,1,1,0.5,0.0,1.0,0.0,0.314,-0.314
440,1630631,Jose Alvarado,1610612740,NOP,G,23.0,3,2,0.3,0.0,1.0,0.0,0.349,-0.349
441,1630288,Jeff Dowtin,1610612744,GSW,G,24.0,1,1,1.0,0.0,1.0,0.0,0.384,-0.384
442,1630271,Brodric Thomas,1610612738,BOS,G,24.0,2,2,1.0,0.0,1.0,0.0,0.378,-0.378
443,1630553,Keon Johnson,1610612746,LAC,G,19.0,5,3,0.556,0.2,1.0,0.2,0.326,-0.126
444,1630541,Moses Moody,1610612744,GSW,G,19.0,14,10,0.481,0.36,0.93,0.385,0.334,0.051
445,1628981,Bruno Fernando,1610612738,BOS,F-C,23.0,7,4,0.462,0.43,0.86,0.5,0.35,0.15
446,203585,Rodney McGruder,1610612765,DET,G,30.0,8,5,0.316,0.13,0.75,0.167,0.411,-0.244
447,2617,Udonis Haslem,1610612748,MIA,F,41.0,4,2,0.5,0.0,0.75,0.0,0.346,-0.346
448,1630698,Kevin Pangos,1610612739,CLE,G,28.0,7,3,0.455,0.43,0.71,0.6,0.328,0.272
449,1630579,Jericho Sims,1610612752,NYK,C,23.0,7,3,0.263,0.14,0.71,0.2,0.347,-0.147
450,1626246,Boban Marjanovic,1610612742,DAL,C,33.0,13,5,0.18,0.38,0.69,0.556,0.312,0.243
451,1630190,Elijah Hughes,1610612762,UTA,G,23.0,3,2,0.4,0.33,0.67,0.5,0.353,0.147
452,1630555,Joel Ayayi,1610612764,WAS,G,21.0,3,2,0.5,0.0,0.67,0.0,0.328,-0.328
453,1630188,Jalen Smith,1610612756,PHX,F-C,21.0,7,2,0.16,0.14,0.57,0.25,0.361,-0.111
454,1627822,Petr Cornelie,1610612743,DEN,F,26.0,7,3,0.286,0.14,0.57,0.25,0.236,0.014
455,1630264,Anthony Gill,1610612764,WAS,F,29.0,9,4,0.294,0.11,0.56,0.2,0.277,-0.077
456,1630580,Joe Wieskamp,1610612759,SAS,G-F,22.0,2,1,0.5,0.0,0.5,0.0,0.303,-0.303
457,1630238,Malik Fitts,1610612762,UTA,F,24.0,4,2,0.4,0.5,0.5,1.0,0.365,0.636
458,1630216,Cassius Winston,1610612764,WAS,G,23.0,2,1,0.5,0.0,0.5,0.0,0.0,0.0
459,1629076,Tyler Cook,1610612741,CHI,F,24.0,2,1,0.2,0.5,0.5,1.0,0.402,0.598
460,1627823,Juancho Hernangomez,1610612738,BOS,F,26.0,11,4,0.278,0.18,0.45,0.4,0.306,0.094
461,1629646,Charles Bassey,1610612755,PHI,C-F,21.0,9,4,0.125,0.22,0.44,0.5,0.362,0.139
462,1629111,Jock Landale,1610612759,SAS,C,26.0,6,2,0.182,0.17,0.33,0.5,0.337,0.164
463,1630225,Isaiah Todd,1610612764,WAS,F,20.0,4,1,0.143,0.25,0.25,1.0,0.167,0.833
