,CLOSE_DEF_PERSON_ID,PLAYER_NAME,PLAYER_LAST_TEAM_ID,PLAYER_LAST_TEAM_ABBREVIATION,PLAYER_POSITION,AGE,GP,G,FREQ,FGM_GT_15,FGA_GT_15,GT_15_PCT,NS_GT_15_PCT,PLUSMINUS
0,1628970,Miles Bridges,1610612766,CHA,F,23.0,29,29,0.555,3.07,8.48,0.362,0.361,0.001
1,1626174,Christian Wood,1610612745,HOU,F,26.0,27,27,0.52,3.15,8.26,0.381,0.358,0.023
2,1629652,Luguentz Dort,1610612760,OKC,G,22.0,25,25,0.713,2.88,8.16,0.353,0.361,-0.008
3,203468,CJ McCollum,1610612757,POR,G,30.0,24,24,0.593,3.25,8.0,0.406,0.364,0.042
4,202704,Reggie Jackson,1610612746,LAC,G,31.0,29,29,0.569,2.72,7.79,0.35,0.358,-0.008
5,201950,Jrue Holiday,1610612749,MIL,G,31.0,24,24,0.679,2.75,7.5,0.367,0.361,0.006
6,1630556,Kessler Edwards,1610612751,BKN,F,21.0,2,2,0.577,1.0,7.5,0.133,0.326,-0.192
7,1627783,Pascal Siakam,1610612761,TOR,F,27.0,17,17,0.539,3.0,7.24,0.415,0.362,0.053
8,203935,Marcus Smart,1610612738,BOS,G,27.0,27,27,0.636,2.7,7.19,0.376,0.363,0.013
9,201142,Kevin Durant,1610612751,BKN,F,33.0,26,26,0.554,2.58,7.15,0.36,0.359,0.001
10,1626164,Devin Booker,1610612756,PHX,G,25.0,21,21,0.616,2.43,7.1,0.342,0.361,-0.018
11,1628983,Shai Gilgeous-Alexander,1610612760,OKC,G,23.0,24,24,0.608,2.96,7.04,0.42,0.355,0.065
12,203076,Anthony Davis,1610612747,LAL,F-C,28.0,26,25,0.429,2.42,7.0,0.346,0.35,-0.003
13,1629631,De'Andre Hunter,1610612737,ATL,F-G,24.0,11,10,0.626,3.09,7.0,0.442,0.378,0.063
14,1628415,Dillon Brooks,1610612763,MEM,G-F,25.0,15,15,0.65,2.87,6.93,0.413,0.351,0.062
15,1628960,Grayson Allen,1610612749,MIL,G,26.0,29,29,0.678,2.31,6.9,0.335,0.361,-0.026
16,1628366,Lonzo Ball,1610612741,CHI,G,24.0,27,27,0.512,2.78,6.89,0.403,0.362,0.041
17,203952,Andrew Wiggins,1610612744,GSW,F,26.0,28,28,0.535,2.57,6.89,0.373,0.36,0.013
18,1630175,Cole Anthony,1610612753,ORL,G,21.0,23,23,0.65,2.87,6.87,0.418,0.374,0.044
19,1628384,OG Anunoby,1610612761,TOR,F,24.0,15,15,0.56,2.13,6.8,0.314,0.358,-0.044
20,1630532,Franz Wagner,1610612753,ORL,F,20.0,29,29,0.571,2.76,6.79,0.406,0.366,0.04
21,1628404,Josh Hart,1610612740,NOP,G,26.0,23,23,0.527,2.74,6.78,0.404,0.359,0.045
22,1626156,D'Angelo Russell,1610612750,MIN,G,25.0,23,23,0.598,1.87,6.78,0.276,0.368,-0.093
23,200782,P.J. Tucker,1610612748,MIA,F,36.0,29,29,0.636,2.69,6.76,0.398,0.364,0.034
24,201143,Al Horford,1610612738,BOS,C-F,35.0,24,24,0.476,2.33,6.75,0.346,0.361,-0.016
25,1627827,Dorian Finney-Smith,1610612742,DAL,F,28.0,28,28,0.553,2.39,6.57,0.364,0.371,-0.007
26,200768,Kyle Lowry,1610612748,MIA,G,35.0,27,26,0.55,2.3,6.56,0.35,0.361,-0.01
27,1630595,Cade Cunningham,1610612765,DET,G,20.0,21,21,0.542,2.33,6.52,0.358,0.367,-0.009
28,203081,Damian Lillard,1610612757,POR,G,31.0,23,23,0.602,2.57,6.52,0.393,0.369,0.024
29,1630529,Herbert Jones,1610612740,NOP,F,23.0,27,26,0.609,2.33,6.52,0.358,0.364,-0.006
30,203109,Jae Crowder,1610612756,PHX,F,31.0,27,27,0.561,2.37,6.48,0.366,0.361,0.005
31,1626220,Royce O'Neale,1610612762,UTA,F,28.0,25,25,0.542,2.28,6.48,0.352,0.361,-0.009
32,1630567,Scottie Barnes,1610612761,TOR,F,20.0,26,26,0.449,2.38,6.46,0.369,0.359,0.01
33,1630162,Anthony Edwards,1610612750,MIN,G,20.0,28,28,0.534,2.61,6.46,0.403,0.366,0.038
34,202689,Kemba Walker,1610612752,NYK,G,31.0,18,18,0.589,2.78,6.44,0.431,0.367,0.064
35,1629647,Darius Bazley,1610612760,OKC,F,21.0,27,27,0.492,2.52,6.44,0.391,0.372,0.019
36,1628368,De'Aaron Fox,1610612758,SAC,G,23.0,28,28,0.561,2.36,6.43,0.367,0.365,0.002
37,201935,James Harden,1610612751,BKN,G,32.0,26,26,0.519,2.0,6.42,0.311,0.358,-0.047
38,202331,Paul George,1610612746,LAC,F,31.0,24,24,0.552,2.33,6.42,0.364,0.351,0.012
39,1629028,Deandre Ayton,1610612756,PHX,C,23.0,19,19,0.384,2.32,6.42,0.361,0.361,-0.001
40,1626171,Bobby Portis,1610612749,MIL,F,26.0,25,25,0.48,1.96,6.4,0.306,0.359,-0.053
41,1627759,Jaylen Brown,1610612738,BOS,G-F,25.0,14,14,0.543,1.71,6.36,0.27,0.361,-0.092
42,1630178,Tyrese Maxey,1610612755,PHI,G,21.0,28,28,0.563,2.43,6.36,0.382,0.37,0.012
43,1629659,Talen Horton-Tucker,1610612747,LAL,G,21.0,15,15,0.531,2.27,6.33,0.358,0.358,0.0
44,1628969,Mikal Bridges,1610612756,PHX,F,25.0,27,27,0.564,2.04,6.33,0.322,0.355,-0.034
45,203897,Zach LaVine,1610612741,CHI,G-F,26.0,27,27,0.618,2.59,6.3,0.412,0.362,0.049
46,1626179,Terry Rozier,1610612766,CHA,G,27.0,20,20,0.621,2.4,6.3,0.381,0.366,0.015
47,1629726,Garrison Mathews,1610612745,HOU,G,25.0,15,15,0.591,1.93,6.27,0.309,0.359,-0.05
48,1626181,Norman Powell,1610612757,POR,G,28.0,25,24,0.617,2.16,6.24,0.346,0.365,-0.019
49,203552,Seth Curry,1610612755,PHI,G,31.0,26,26,0.651,2.65,6.23,0.426,0.373,0.053
50,1627832,Fred VanVleet,1610612761,TOR,G,27.0,27,27,0.515,1.93,6.22,0.31,0.351,-0.041
51,1628381,John Collins,1610612737,ATL,F-C,24.0,28,28,0.424,2.46,6.21,0.397,0.362,0.035
52,1629628,RJ Barrett,1610612752,NYK,F-G,21.0,25,25,0.608,2.2,6.2,0.355,0.371,-0.017
53,1626192,Pat Connaughton,1610612749,MIL,G,28.0,30,30,0.51,2.37,6.2,0.382,0.354,0.028
54,203507,Giannis Antetokounmpo,1610612749,MIL,F,27.0,26,26,0.472,2.5,6.19,0.404,0.356,0.048
55,1630596,Evan Mobley,1610612739,CLE,C,20.0,25,25,0.373,2.32,6.16,0.377,0.365,0.011
56,203944,Julius Randle,1610612752,NYK,F-C,27.0,28,28,0.49,2.18,6.14,0.355,0.373,-0.018
57,201144,Mike Conley,1610612762,UTA,G,34.0,25,24,0.602,2.24,6.12,0.366,0.358,0.008
58,1628964,Mo Bamba,1610612753,ORL,C,23.0,27,27,0.408,2.15,6.11,0.352,0.366,-0.015
59,1630591,Jalen Suggs,1610612753,ORL,G,20.0,21,21,0.585,2.1,6.05,0.346,0.374,-0.027
60,1629027,Trae Young,1610612737,ATL,G,23.0,28,28,0.655,1.93,6.04,0.32,0.365,-0.046
61,1628401,Derrick White,1610612759,SAS,G,27.0,27,26,0.509,2.48,6.04,0.411,0.356,0.055
62,203078,Bradley Beal,1610612764,WAS,G,28.0,26,26,0.569,2.04,6.0,0.34,0.372,-0.032
63,201980,Danny Green,1610612755,PHI,G,34.0,22,22,0.606,2.41,6.0,0.402,0.368,0.033
64,203114,Khris Middleton,1610612749,MIL,F,30.0,21,21,0.64,1.86,6.0,0.31,0.36,-0.05
65,1626162,Kelly Oubre Jr.,1610612766,CHA,F-G,26.0,29,29,0.578,2.34,6.0,0.391,0.369,0.021
66,1627936,Alex Caruso,1610612741,CHI,G,27.0,24,24,0.609,1.79,5.96,0.301,0.365,-0.064
67,1629636,Darius Garland,1610612739,CLE,G,21.0,28,28,0.619,2.25,5.96,0.377,0.371,0.007
68,1630165,Killian Hayes,1610612765,DET,G,20.0,21,21,0.563,2.33,5.95,0.392,0.376,0.016
69,203992,Bogdan Bogdanovic,1610612737,ATL,G,29.0,20,19,0.572,2.15,5.95,0.361,0.359,0.002
70,1628374,Lauri Markkanen,1610612739,CLE,F-C,24.0,21,20,0.466,1.86,5.95,0.312,0.376,-0.064
71,202696,Nikola Vucevic,1610612741,CHI,C,31.0,20,18,0.335,2.05,5.95,0.345,0.369,-0.024
72,201933,Blake Griffin,1610612751,BKN,F,32.0,20,20,0.513,2.15,5.9,0.364,0.357,0.007
73,1628389,Bam Adebayo,1610612748,MIA,C-F,24.0,18,17,0.527,1.72,5.89,0.292,0.368,-0.076
74,1630163,LaMelo Ball,1610612766,CHA,G,20.0,23,23,0.592,1.91,5.87,0.326,0.354,-0.028
75,1630559,Austin Reaves,1610612747,LAL,G,23.0,17,16,0.593,1.59,5.82,0.273,0.355,-0.082
76,201145,Jeff Green,1610612743,DEN,F,35.0,28,27,0.572,2.43,5.82,0.417,0.36,0.057
77,1629057,Robert Williams III,1610612738,BOS,C-F,24.0,21,21,0.535,1.67,5.81,0.287,0.348,-0.061
78,1627749,Dejounte Murray,1610612759,SAS,G,25.0,27,27,0.491,2.48,5.81,0.427,0.362,0.065
79,1630172,Patrick Williams,1610612741,CHI,F,20.0,5,5,0.592,2.4,5.8,0.414,0.352,0.062
80,1629029,Luka Doncic,1610612742,DAL,F-G,22.0,21,21,0.486,2.24,5.76,0.388,0.365,0.023
81,2544,LeBron James,1610612747,LAL,F,36.0,17,17,0.492,1.76,5.76,0.306,0.343,-0.037
82,1630169,Tyrese Haliburton,1610612758,SAC,G,21.0,26,26,0.571,1.96,5.73,0.342,0.356,-0.013
83,1630171,Isaac Okoro,1610612739,CLE,F-G,20.0,23,23,0.577,1.78,5.7,0.313,0.372,-0.059
84,1629640,Keldon Johnson,1610612759,SAS,F-G,22.0,26,26,0.519,2.12,5.69,0.372,0.36,0.012
85,1629639,Tyler Herro,1610612748,MIA,G,21.0,25,25,0.557,1.6,5.68,0.282,0.361,-0.08
86,1630217,Desmond Bane,1610612763,MEM,G,23.0,29,28,0.588,2.21,5.66,0.39,0.362,0.028
87,1630224,Jalen Green,1610612745,HOU,G,19.0,18,18,0.616,2.17,5.61,0.386,0.36,0.026
88,202330,Gordon Hayward,1610612766,CHA,F,31.0,29,29,0.544,1.83,5.59,0.327,0.355,-0.028
89,1630537,Chris Duarte,1610612754,IND,G,24.0,28,28,0.527,1.93,5.57,0.346,0.364,-0.018
90,1626157,Karl-Anthony Towns,1610612750,MIN,C-F,26.0,27,26,0.39,2.07,5.56,0.373,0.369,0.004
91,1630183,Jaden McDaniels,1610612750,MIN,F,21.0,25,25,0.552,2.04,5.56,0.367,0.364,0.003
92,203496,Robert Covington,1610612757,POR,F,31.0,29,29,0.503,2.34,5.55,0.422,0.366,0.056
93,202694,Marcus Morris Sr.,1610612746,LAC,F,32.0,13,13,0.554,2.23,5.54,0.403,0.359,0.043
94,203932,Aaron Gordon,1610612743,DEN,F,26.0,28,28,0.497,2.04,5.54,0.368,0.369,-0.002
95,1628998,Cody Martin,1610612766,CHA,F,26.0,27,27,0.578,2.3,5.52,0.416,0.361,0.055
96,1628976,Wendell Carter Jr.,1610612753,ORL,C-F,22.0,29,29,0.427,1.79,5.52,0.325,0.354,-0.029
97,1630256,Jae'Sean Tate,1610612745,HOU,F,26.0,28,28,0.515,1.93,5.5,0.351,0.358,-0.007
98,202692,Alec Burks,1610612752,NYK,G,30.0,27,27,0.59,1.78,5.48,0.324,0.37,-0.045
99,203497,Rudy Gobert,1610612762,UTA,C,29.0,27,26,0.301,2.04,5.48,0.372,0.348,0.024
100,201988,Patty Mills,1610612751,BKN,G,33.0,28,28,0.654,1.71,5.46,0.314,0.352,-0.038
101,201566,Russell Westbrook,1610612747,LAL,G,33.0,29,29,0.543,1.93,5.45,0.354,0.353,0.001
102,1629011,Mitchell Robinson,1610612752,NYK,C-F,23.0,25,24,0.479,2.32,5.44,0.426,0.357,0.07
103,1629638,Nickeil Alexander-Walker,1610612740,NOP,G,23.0,30,30,0.533,1.9,5.43,0.35,0.36,-0.01
104,1628464,Daniel Theis,1610612745,HOU,F-C,29.0,19,18,0.444,2.11,5.42,0.388,0.362,0.027
105,1628984,Devonte' Graham,1610612740,NOP,G,26.0,27,27,0.632,2.0,5.41,0.37,0.353,0.017
106,1629002,Chimezie Metu,1610612758,SAC,F-C,24.0,15,15,0.479,1.87,5.4,0.346,0.358,-0.012
107,203115,Will Barton,1610612743,DEN,G,30.0,24,24,0.538,1.75,5.38,0.326,0.367,-0.041
108,1629629,Cam Reddish,1610612737,ATL,F-G,22.0,24,23,0.594,1.75,5.38,0.326,0.356,-0.03
109,1629012,Collin Sexton,1610612739,CLE,G,22.0,11,11,0.663,1.73,5.36,0.322,0.379,-0.057
110,1630558,Davion Mitchell,1610612758,SAC,G,23.0,28,28,0.564,1.75,5.36,0.327,0.359,-0.032
111,203925,Joe Harris,1610612751,BKN,G-F,30.0,14,14,0.484,2.07,5.36,0.387,0.351,0.036
112,1627763,Malcolm Brogdon,1610612754,IND,G,29.0,25,25,0.478,1.8,5.32,0.338,0.369,-0.031
113,203110,Draymond Green,1610612744,GSW,F,31.0,27,27,0.477,2.0,5.3,0.378,0.363,0.015
114,202710,Jimmy Butler,1610612748,MIA,F,32.0,18,18,0.601,2.06,5.28,0.389,0.354,0.035
115,1629216,Gabe Vincent,1610612748,MIA,G,25.0,23,23,0.68,1.7,5.26,0.322,0.361,-0.039
116,1629008,Michael Porter Jr.,1610612743,DEN,F,23.0,8,8,0.525,1.88,5.25,0.357,0.369,-0.012
117,204001,Kristaps Porzingis,1610612742,DAL,F-C,26.0,21,20,0.406,2.24,5.24,0.427,0.374,0.054
118,1628973,Jalen Brunson,1610612742,DAL,G,25.0,27,27,0.644,2.0,5.22,0.383,0.356,0.027
119,1627742,Brandon Ingram,1610612740,NOP,F,24.0,23,23,0.588,1.91,5.22,0.367,0.363,0.004
120,201565,Derrick Rose,1610612752,NYK,G,33.0,25,25,0.602,1.48,5.2,0.285,0.36,-0.076
121,1629130,Duncan Robinson,1610612748,MIA,F,27.0,29,29,0.526,2.03,5.17,0.393,0.361,0.033
122,1629630,Ja Morant,1610612763,MEM,G,22.0,19,18,0.538,2.47,5.16,0.48,0.374,0.105
123,1630581,Josh Giddey,1610612760,OKC,G,19.0,25,24,0.529,1.72,5.16,0.333,0.36,-0.027
124,1628997,Caleb Martin,1610612748,MIA,F,26.0,22,21,0.621,1.32,5.14,0.257,0.346,-0.09
125,101108,Chris Paul,1610612756,PHX,G,36.0,27,26,0.624,1.96,5.11,0.384,0.357,0.027
126,1628369,Jayson Tatum,1610612738,BOS,F-G,23.0,28,28,0.48,1.71,5.11,0.336,0.363,-0.028
127,203482,Kelly Olynyk,1610612765,DET,F-C,30.0,10,10,0.436,3.0,5.1,0.588,0.36,0.228
128,203915,Spencer Dinwiddie,1610612764,WAS,G,28.0,25,25,0.559,1.92,5.08,0.378,0.363,0.015
129,201588,George Hill,1610612749,MIL,G,35.0,24,23,0.515,1.79,5.08,0.352,0.357,-0.004
130,203954,Joel Embiid,1610612755,PHI,C-F,27.0,18,18,0.312,1.56,5.06,0.308,0.367,-0.059
131,203471,Dennis Schroder,1610612738,BOS,G,28.0,27,27,0.515,1.7,5.04,0.338,0.363,-0.025
132,201939,Stephen Curry,1610612744,GSW,G,33.0,26,26,0.582,1.31,5.04,0.26,0.361,-0.101
133,1629651,Nic Claxton,1610612751,BKN,F-C,22.0,10,10,0.515,2.0,5.0,0.4,0.366,0.034
134,1628035,Alfonzo McKinnie,1610612741,CHI,F,29.0,1,1,0.5,2.0,5.0,0.4,0.379,0.021
135,1629680,Matisse Thybulle,1610612755,PHI,G-F,24.0,22,22,0.573,1.23,5.0,0.245,0.367,-0.122
136,2546,Carmelo Anthony,1610612747,LAL,F,37.0,29,28,0.564,1.79,5.0,0.359,0.351,0.007
137,1628991,Jaren Jackson Jr.,1610612763,MEM,F-C,22.0,28,28,0.417,1.96,4.96,0.396,0.363,0.033
138,1629001,De'Anthony Melton,1610612763,MEM,G,23.0,26,26,0.547,1.96,4.96,0.395,0.359,0.036
139,1627751,Jakob Poeltl,1610612759,SAS,C,26.0,20,20,0.299,2.05,4.95,0.414,0.37,0.045
140,203501,Tim Hardaway Jr.,1610612742,DAL,G-F,29.0,28,28,0.556,1.75,4.93,0.355,0.357,-0.002
141,203095,Evan Fournier,1610612752,NYK,G-F,29.0,28,28,0.608,1.5,4.93,0.304,0.367,-0.063
142,1629018,Gary Trent Jr.,1610612761,TOR,G-F,22.0,26,26,0.643,1.96,4.92,0.398,0.35,0.048
143,203084,Harrison Barnes,1610612758,SAC,F,29.0,23,23,0.452,1.96,4.91,0.398,0.368,0.03
144,1629684,Grant Williams,1610612738,BOS,F,23.0,28,27,0.519,1.86,4.89,0.38,0.356,0.023
145,1627736,Malik Beasley,1610612750,MIN,G,25.0,28,28,0.643,1.61,4.89,0.328,0.366,-0.037
146,203090,Maurice Harkless,1610612758,SAC,F-G,28.0,18,18,0.608,1.61,4.83,0.333,0.364,-0.031
147,1628971,Bruce Brown,1610612751,BKN,G-F,25.0,24,22,0.558,1.46,4.83,0.302,0.365,-0.064
148,1628420,Monte Morris,1610612743,DEN,G,26.0,28,28,0.595,1.21,4.82,0.252,0.368,-0.116
149,203991,Clint Capela,1610612737,ATL,C,27.0,28,26,0.307,1.71,4.79,0.358,0.361,-0.003
150,1630191,Isaiah Stewart,1610612765,DET,F-C,20.0,24,24,0.364,2.0,4.79,0.417,0.377,0.04
151,1629003,Shake Milton,1610612755,PHI,G-F,25.0,24,24,0.599,1.58,4.79,0.33,0.359,-0.029
152,1628467,Maxi Kleber,1610612742,DAL,F,29.0,18,18,0.475,1.72,4.78,0.36,0.353,0.008
153,1628989,Kevin Huerter,1610612737,ATL,G-F,23.0,27,27,0.581,1.48,4.78,0.31,0.359,-0.049
154,203999,Nikola Jokic,1610612743,DEN,C,26.0,23,23,0.275,2.04,4.78,0.427,0.362,0.065
155,1628398,Kyle Kuzma,1610612764,WAS,F,26.0,27,27,0.39,1.81,4.78,0.38,0.37,0.01
156,202339,Eric Bledsoe,1610612746,LAC,G,32.0,29,28,0.543,1.86,4.76,0.391,0.359,0.032
157,201976,Patrick Beverley,1610612750,MIN,G,33.0,20,20,0.586,1.25,4.75,0.263,0.359,-0.096
158,1628386,Jarrett Allen,1610612739,CLE,C,23.0,27,27,0.33,1.78,4.74,0.375,0.366,0.009
159,1627734,Domantas Sabonis,1610612754,IND,F-C,25.0,30,29,0.363,1.8,4.73,0.38,0.36,0.02
160,1630166,Deni Avdija,1610612764,WAS,F,20.0,29,28,0.46,1.38,4.72,0.292,0.359,-0.067
161,1629642,Nassir Little,1610612757,POR,F-G,21.0,25,25,0.513,1.56,4.72,0.331,0.372,-0.041
162,1627747,Caris LeVert,1610612754,IND,G,27.0,22,21,0.606,1.27,4.68,0.272,0.362,-0.09
163,1629645,Kevin Porter Jr.,1610612745,HOU,G-F,21.0,19,19,0.514,1.47,4.68,0.315,0.347,-0.032
164,1630550,JT Thor,1610612766,CHA,F,19.0,6,6,0.609,1.83,4.67,0.393,0.363,0.03
165,202685,Jonas Valanciunas,1610612740,NOP,C,29.0,30,29,0.33,1.8,4.67,0.386,0.357,0.029
166,1629663,Louis King,1610612758,SAC,F,22.0,3,3,0.609,2.33,4.67,0.5,0.352,0.148
167,1630180,Saddiq Bey,1610612765,DET,F,22.0,26,26,0.558,1.96,4.65,0.421,0.371,0.051
168,1627777,Georges Niang,1610612755,PHI,F,28.0,28,28,0.494,1.5,4.64,0.323,0.358,-0.035
169,1629667,Jalen McDaniels,1610612766,CHA,F-C,23.0,19,18,0.53,1.53,4.63,0.33,0.354,-0.024
170,203926,Doug McDermott,1610612759,SAS,F,29.0,20,20,0.561,1.75,4.6,0.38,0.358,0.022
171,1629611,Terance Mann,1610612746,LAC,G-F,25.0,28,28,0.542,1.5,4.57,0.328,0.354,-0.026
172,1627741,Buddy Hield,1610612758,SAC,G,28.0,28,28,0.444,1.68,4.57,0.367,0.366,0.001
173,1628400,Semi Ojeleye,1610612749,MIL,F,27.0,11,11,0.625,1.55,4.55,0.34,0.36,-0.02
174,203914,Gary Harris,1610612753,ORL,G,27.0,22,22,0.625,1.95,4.55,0.43,0.377,0.053
175,200746,LaMarcus Aldridge,1610612751,BKN,C-F,36.0,25,25,0.411,1.64,4.44,0.369,0.365,0.004
176,201569,Eric Gordon,1610612745,HOU,G,32.0,23,23,0.604,1.09,4.43,0.245,0.359,-0.114
177,202340,Avery Bradley,1610612747,LAL,G,31.0,26,25,0.57,1.88,4.38,0.43,0.358,0.072
178,1628378,Donovan Mitchell,1610612762,UTA,G,25.0,26,26,0.564,1.54,4.38,0.351,0.368,-0.017
179,203145,Kent Bazemore,1610612747,LAL,G-F,32.0,19,17,0.519,1.53,4.37,0.349,0.354,-0.005
180,202711,Bojan Bogdanovic,1610612762,UTA,F,32.0,27,25,0.522,1.78,4.37,0.407,0.342,0.065
181,203526,Raul Neto,1610612764,WAS,G,29.0,28,28,0.555,1.75,4.36,0.402,0.37,0.031
182,1628370,Malik Monk,1610612747,LAL,G,23.0,28,26,0.528,1.25,4.36,0.287,0.354,-0.067
183,203903,Jordan Clarkson,1610612762,UTA,G,29.0,27,27,0.544,1.26,4.33,0.291,0.349,-0.059
184,203082,Terrence Ross,1610612753,ORL,G-F,30.0,28,26,0.654,1.79,4.32,0.413,0.361,0.053
185,1628963,Marvin Bagley III,1610612758,SAC,F,22.0,13,13,0.554,1.31,4.31,0.304,0.353,-0.049
186,1627826,Ivica Zubac,1610612746,LAC,C,24.0,29,29,0.332,1.76,4.31,0.408,0.356,0.052
187,1629023,P.J. Washington,1610612766,CHA,F,23.0,17,16,0.367,1.59,4.29,0.37,0.377,-0.007
188,1626172,Kevon Looney,1610612744,GSW,F,25.0,28,28,0.451,1.46,4.29,0.342,0.367,-0.025
189,1629020,Jarred Vanderbilt,1610612750,MIN,F,22.0,27,27,0.528,1.48,4.26,0.348,0.37,-0.022
190,202709,Cory Joseph,1610612765,DET,G,30.0,24,22,0.554,1.54,4.25,0.363,0.355,0.008
191,203484,Kentavious Caldwell-Pope,1610612764,WAS,G,28.0,29,29,0.544,1.52,4.24,0.358,0.367,-0.009
192,1629139,Yuta Watanabe,1610612761,TOR,G-F,27.0,9,9,0.543,1.67,4.22,0.395,0.359,0.035
193,202066,Garrett Temple,1610612740,NOP,G-F,35.0,28,28,0.549,1.68,4.21,0.398,0.364,0.035
194,201961,Wayne Ellington,1610612747,LAL,G,34.0,21,21,0.611,1.67,4.19,0.398,0.358,0.04
195,1629673,Jordan Poole,1610612744,GSW,G,22.0,28,28,0.597,1.57,4.18,0.376,0.359,0.017
196,201937,Ricky Rubio,1610612739,CLE,G,31.0,30,29,0.551,1.1,4.17,0.264,0.354,-0.09
197,202699,Tobias Harris,1610612755,PHI,F,29.0,20,19,0.409,1.35,4.15,0.325,0.354,-0.029
198,1628372,Dennis Smith Jr.,1610612757,POR,G,24.0,14,14,0.611,1.21,4.14,0.293,0.352,-0.059
199,203457,Nerlens Noel,1610612752,NYK,C-F,27.0,14,14,0.333,1.5,4.14,0.362,0.354,0.008
200,203924,Jerami Grant,1610612765,DET,F,27.0,24,24,0.5,1.67,4.13,0.404,0.362,0.042
201,202693,Markieff Morris,1610612748,MIA,F,32.0,10,10,0.641,1.0,4.1,0.244,0.354,-0.11
202,1629622,Max Strus,1610612748,MIA,G-F,25.0,21,21,0.573,1.57,4.1,0.384,0.365,0.019
203,1626167,Myles Turner,1610612754,IND,C-F,25.0,29,29,0.272,1.86,4.1,0.454,0.361,0.092
204,1629026,Kenrich Williams,1610612760,OKC,G-F,27.0,24,24,0.653,1.42,4.08,0.347,0.36,-0.013
205,203200,Justin Holiday,1610612754,IND,F-G,32.0,24,24,0.473,1.54,4.08,0.378,0.365,0.012
206,1626196,Josh Richardson,1610612738,BOS,G,28.0,20,17,0.513,1.75,4.05,0.432,0.359,0.073
207,204456,T.J. McConnell,1610612754,IND,G,29.0,24,24,0.588,1.42,4.04,0.351,0.369,-0.019
208,1627814,Damion Lee,1610612744,GSW,G-F,29.0,22,22,0.547,1.32,4.0,0.33,0.342,-0.013
209,201949,James Johnson,1610612751,BKN,F,34.0,18,17,0.545,1.39,4.0,0.347,0.345,0.002
210,201567,Kevin Love,1610612739,CLE,F-C,33.0,22,21,0.476,1.23,4.0,0.307,0.355,-0.048
211,1629014,Anfernee Simons,1610612757,POR,G,22.0,24,24,0.516,1.58,4.0,0.396,0.368,0.028
212,1629750,Javonte Green,1610612741,CHI,G-F,28.0,23,22,0.517,1.48,3.96,0.374,0.374,-0.001
213,1626166,Cameron Payne,1610612756,PHX,G,27.0,22,22,0.635,1.23,3.95,0.31,0.368,-0.057
214,1630578,Alperen Sengun,1610612745,HOU,C,19.0,27,25,0.417,1.52,3.93,0.387,0.367,0.02
215,204060,Joe Ingles,1610612762,UTA,F-G,34.0,27,26,0.589,1.11,3.93,0.283,0.348,-0.065
216,1629661,Cameron Johnson,1610612756,PHX,F,25.0,27,27,0.505,1.48,3.93,0.377,0.366,0.011
217,1627788,Furkan Korkmaz,1610612755,PHI,G-F,24.0,27,27,0.606,1.56,3.93,0.396,0.366,0.03
218,1626149,Montrezl Harrell,1610612764,WAS,F-C,27.0,29,26,0.372,1.34,3.9,0.345,0.364,-0.019
219,1629022,Lonnie Walker IV,1610612759,SAS,G-F,23.0,26,26,0.602,1.19,3.85,0.31,0.34,-0.03
220,201568,Danilo Gallinari,1610612737,ATL,F,33.0,25,25,0.475,1.32,3.84,0.344,0.344,-0.001
221,203500,Steven Adams,1610612763,MEM,C,28.0,29,28,0.355,1.38,3.83,0.36,0.357,0.003
222,1630267,Facundo Campazzo,1610612743,DEN,G,30.0,27,25,0.572,1.7,3.81,0.447,0.368,0.079
223,201587,Nicolas Batum,1610612746,LAC,G-F,33.0,15,15,0.475,1.13,3.8,0.298,0.368,-0.069
224,1626204,Larry Nance Jr.,1610612757,POR,F-C,28.0,29,27,0.512,1.31,3.79,0.345,0.366,-0.021
225,1629643,Chuma Okeke,1610612753,ORL,F,23.0,23,23,0.5,1.52,3.78,0.402,0.365,0.038
226,1629013,Landry Shamet,1610612756,PHX,G,24.0,26,26,0.62,1.15,3.77,0.306,0.35,-0.044
227,200752,Rudy Gay,1610612762,UTA,F-G,35.0,13,13,0.544,1.62,3.77,0.429,0.341,0.087
228,201152,Thaddeus Young,1610612759,SAS,F,33.0,21,21,0.5,1.33,3.76,0.354,0.352,0.003
229,1630193,Immanuel Quickley,1610612752,NYK,G,22.0,28,28,0.559,1.32,3.75,0.352,0.366,-0.013
230,201942,DeMar DeRozan,1610612741,CHI,G-F,32.0,24,23,0.469,1.25,3.75,0.333,0.352,-0.019
231,1630533,Ziaire Williams,1610612763,MEM,F,20.0,19,19,0.703,1.42,3.74,0.38,0.365,0.015
232,202357,Nemanja Bjelica,1610612744,GSW,F,33.0,28,27,0.448,1.21,3.68,0.33,0.362,-0.032
233,1630173,Precious Achiuwa,1610612761,TOR,F,22.0,21,19,0.328,1.48,3.67,0.403,0.363,0.039
234,1627884,Derrick Jones Jr.,1610612741,CHI,F,24.0,22,21,0.465,1.36,3.64,0.375,0.384,-0.009
235,1630526,Jeremiah Robinson-Earl,1610612760,OKC,F,21.0,27,26,0.414,1.41,3.63,0.388,0.357,0.031
236,1628392,Isaiah Hartenstein,1610612746,LAC,C-F,23.0,28,27,0.336,1.39,3.61,0.386,0.349,0.037
237,1630547,James Bouknight,1610612766,CHA,G,21.0,7,6,0.658,1.71,3.57,0.48,0.362,0.118
238,1629056,Terence Davis,1610612758,SAC,G,24.0,18,14,0.496,0.94,3.56,0.266,0.363,-0.097
239,203486,Mason Plumlee,1610612766,CHA,F-C,31.0,20,20,0.281,0.75,3.55,0.211,0.354,-0.143
240,1626145,Tyus Jones,1610612763,MEM,G,25.0,29,27,0.654,1.14,3.52,0.324,0.352,-0.029
241,1630170,Devin Vassell,1610612759,SAS,G-F,21.0,22,21,0.52,1.23,3.5,0.351,0.351,-0.001
242,1628408,P.J. Dozier,1610612743,DEN,G-F,25.0,18,18,0.512,1.17,3.5,0.333,0.364,-0.03
243,1630181,R.J. Hampton,1610612753,ORL,G,20.0,29,27,0.58,1.55,3.48,0.446,0.356,0.089
244,1628470,Torrey Craig,1610612754,IND,F,30.0,26,24,0.556,1.65,3.46,0.478,0.368,0.11
245,1628379,Luke Kennard,1610612746,LAC,G,25.0,29,28,0.444,0.79,3.45,0.23,0.351,-0.121
246,1629731,Dean Wade,1610612739,CLE,F-C,25.0,20,17,0.406,1.65,3.45,0.478,0.39,0.089
247,1630197,Aleksej Pokusevski,1610612760,OKC,F,19.0,26,25,0.527,1.35,3.42,0.393,0.337,0.056
248,203937,Kyle Anderson,1610612763,MEM,F-G,28.0,25,24,0.47,1.36,3.4,0.4,0.362,0.038
249,1627863,Danuel House Jr.,1610612745,HOU,F-G,28.0,15,15,0.548,1.33,3.4,0.392,0.335,0.057
250,1629670,Jordan Nwora,1610612749,MIL,F,23.0,23,21,0.582,0.96,3.39,0.282,0.356,-0.074
251,1630192,Zeke Nnaji,1610612743,DEN,F-C,20.0,13,12,0.478,1.46,3.38,0.432,0.354,0.077
252,1628966,Keita Bates-Diop,1610612759,SAS,F,25.0,19,18,0.566,1.37,3.37,0.406,0.343,0.063
253,1628432,Davon Reed,1610612743,DEN,G,26.0,6,5,0.541,1.33,3.33,0.4,0.381,0.019
254,1630561,David Duke Jr.,1610612751,BKN,G,22.0,3,3,0.588,1.0,3.33,0.3,0.388,-0.088
255,1629006,Josh Okogie,1610612750,MIN,G,23.0,18,17,0.556,1.11,3.33,0.333,0.35,-0.017
256,1629004,Svi Mykhailiuk,1610612761,TOR,G-F,24.0,28,26,0.624,1.5,3.32,0.452,0.359,0.093
257,1628988,Aaron Holiday,1610612764,WAS,G,25.0,28,27,0.589,1.39,3.32,0.419,0.364,0.056
258,1630598,Aaron Wiggins,1610612760,OKC,G,22.0,10,9,0.524,1.1,3.3,0.333,0.364,-0.031
259,1630167,Obi Toppin,1610612752,NYK,F,23.0,26,26,0.559,1.15,3.27,0.353,0.357,-0.004
260,203920,Khem Birch,1610612761,TOR,C,29.0,15,14,0.333,1.13,3.27,0.347,0.342,0.005
261,1629021,Moritz Wagner,1610612753,ORL,F-C,24.0,24,22,0.582,1.46,3.25,0.449,0.358,0.091
262,1626224,Cedi Osman,1610612739,CLE,F,26.0,24,23,0.513,1.0,3.25,0.308,0.344,-0.037
263,1628367,Josh Jackson,1610612765,DET,G-F,24.0,22,22,0.53,1.14,3.23,0.352,0.373,-0.02
264,2738,Andre Iguodala,1610612744,GSW,G-F,37.0,14,14,0.489,1.14,3.21,0.356,0.355,0.0
265,200765,Rajon Rondo,1610612747,LAL,G,35.0,14,13,0.608,0.86,3.21,0.267,0.353,-0.087
266,203939,Dwight Powell,1610612742,DAL,F-C,30.0,28,27,0.369,1.36,3.21,0.422,0.377,0.045
267,1628778,Paul Watson,1610612760,OKC,G,26.0,5,5,0.485,0.6,3.2,0.188,0.335,-0.148
268,1630240,Saben Lee,1610612765,DET,G,22.0,10,10,0.571,1.1,3.2,0.344,0.364,-0.021
269,1629308,Juan Toscano-Anderson,1610612744,GSW,F,28.0,27,27,0.489,1.15,3.19,0.36,0.347,0.014
270,203901,Elfrid Payton,1610612756,PHX,G,27.0,12,11,0.623,0.92,3.17,0.289,0.362,-0.072
271,1629634,Brandon Clarke,1610612763,MEM,F,25.0,19,19,0.441,1.21,3.16,0.383,0.364,0.019
272,201580,JaVale McGee,1610612756,PHX,C-F,33.0,27,25,0.354,1.26,3.15,0.4,0.353,0.047
273,1627761,DeAndre' Bembry,1610612751,BKN,G-F,27.0,26,23,0.513,0.81,3.12,0.259,0.359,-0.099
274,1630560,Cam Thomas,1610612751,BKN,G,20.0,18,16,0.523,0.78,3.11,0.25,0.351,-0.101
275,1629185,Chris Chiozza,1610612744,GSW,G,26.0,10,10,0.633,0.7,3.1,0.226,0.351,-0.125
276,203463,Ben McLemore,1610612757,POR,G,28.0,10,10,0.738,1.5,3.1,0.484,0.353,0.131
277,1629234,Drew Eubanks,1610612759,SAS,F-C,24.0,26,24,0.396,0.96,3.08,0.313,0.351,-0.038
278,202355,Hassan Whiteside,1610612762,UTA,C,32.0,25,22,0.296,0.96,3.0,0.32,0.362,-0.042
279,203107,Tomas Satoransky,1610612740,NOP,G,30.0,25,23,0.63,0.96,3.0,0.32,0.35,-0.03
280,1628972,Troy Brown Jr.,1610612741,CHI,G-F,22.0,14,12,0.452,1.07,3.0,0.357,0.367,-0.01
281,1630544,Tre Mann,1610612760,OKC,G,20.0,19,16,0.514,0.95,3.0,0.316,0.352,-0.036
282,1630176,Vernon Carey Jr.,1610612766,CHA,F-C,20.0,1,1,0.75,2.0,3.0,0.667,0.352,0.315
283,201959,Taj Gibson,1610612752,NYK,F,36.0,12,12,0.396,0.75,3.0,0.25,0.342,-0.092
284,1629723,John Konchar,1610612763,MEM,G,25.0,27,25,0.468,0.96,3.0,0.321,0.357,-0.036
285,1629103,Kelan Martin,1610612754,IND,F,26.0,23,21,0.496,0.7,3.0,0.232,0.354,-0.122
286,1630231,Kenyon Martin Jr.,1610612745,HOU,F,20.0,26,24,0.491,0.96,3.0,0.321,0.354,-0.033
287,203953,Jabari Parker,1610612738,BOS,F,26.0,8,7,0.522,1.38,3.0,0.458,0.356,0.102
288,1630538,Bones Hyland,1610612743,DEN,G,21.0,19,19,0.514,0.95,2.95,0.321,0.365,-0.043
289,202397,Ish Smith,1610612766,CHA,G,33.0,16,15,0.588,1.19,2.94,0.404,0.35,0.055
290,203493,Reggie Bullock,1610612742,DAL,G-F,30.0,27,26,0.497,0.89,2.93,0.304,0.371,-0.067
291,1627780,Gary Payton II,1610612744,GSW,G,29.0,26,23,0.661,0.96,2.92,0.329,0.37,-0.041
292,1628425,Sterling Brown,1610612742,DAL,G-F,26.0,20,20,0.518,1.15,2.9,0.397,0.342,0.055
293,203473,Dewayne Dedmon,1610612748,MIA,C,32.0,29,26,0.44,1.14,2.9,0.393,0.358,0.034
294,202324,Derrick Favors,1610612760,OKC,F,30.0,20,19,0.4,1.3,2.9,0.448,0.35,0.099
295,1629675,Naz Reid,1610612750,MIN,C-F,22.0,26,23,0.4,1.31,2.85,0.459,0.356,0.104
296,1628977,Hamidou Diallo,1610612765,DET,G,23.0,19,18,0.551,1.16,2.84,0.407,0.367,0.04
297,1630606,Javonte Smart,1610612749,MIL,G,22.0,6,6,0.531,0.83,2.83,0.294,0.357,-0.063
298,1627752,Taurean Prince,1610612750,MIN,F,27.0,24,22,0.531,1.13,2.83,0.397,0.36,0.037
299,1628995,Kevin Knox II,1610612752,NYK,F,22.0,6,5,0.81,1.33,2.83,0.471,0.349,0.122
300,201577,Robin Lopez,1610612753,ORL,C,33.0,11,10,0.413,0.82,2.82,0.29,0.334,-0.044
301,203458,Alex Len,1610612758,SAC,C,28.0,21,19,0.306,1.1,2.81,0.39,0.334,0.056
302,1628402,Frank Jackson,1610612765,DET,G,23.0,26,24,0.48,1.0,2.81,0.356,0.368,-0.012
303,203504,Trey Burke,1610612742,DAL,G,29.0,15,15,0.667,1.47,2.8,0.524,0.359,0.165
304,1629632,Coby White,1610612741,CHI,G,21.0,9,9,0.556,1.22,2.78,0.44,0.358,0.082
305,1630214,Xavier Tillman,1610612763,MEM,F,22.0,22,19,0.442,1.09,2.77,0.393,0.332,0.061
306,1630527,Brandon Boston Jr.,1610612746,LAC,G,20.0,12,11,0.532,0.92,2.75,0.333,0.341,-0.007
307,1629052,Oshae Brissett,1610612754,IND,F-G,23.0,19,16,0.5,1.05,2.74,0.385,0.338,0.046
308,203918,Rodney Hood,1610612749,MIL,G-F,29.0,22,20,0.508,1.27,2.73,0.467,0.353,0.113
309,201586,Serge Ibaka,1610612746,LAC,F,32.0,11,9,0.429,0.55,2.73,0.2,0.329,-0.129
310,1627789,Timothe Luwawu-Cabarrot,1610612737,ATL,G-F,26.0,14,12,0.463,1.07,2.71,0.395,0.359,0.036
311,203083,Andre Drummond,1610612755,PHI,C,28.0,28,23,0.306,0.89,2.71,0.329,0.36,-0.031
312,1626158,Richaun Holmes,1610612758,SAC,F,28.0,21,19,0.232,1.19,2.71,0.439,0.36,0.078
313,200794,Paul Millsap,1610612751,BKN,F,36.0,21,19,0.416,0.86,2.71,0.316,0.36,-0.044
314,1626153,Delon Wright,1610612737,ATL,G,29.0,24,22,0.552,1.08,2.67,0.406,0.35,0.057
315,1630200,Tre Jones,1610612759,SAS,G,21.0,21,20,0.602,1.1,2.67,0.411,0.361,0.05
316,1629717,Armoni Brooks,1610612745,HOU,G,23.0,22,19,0.611,0.77,2.64,0.293,0.353,-0.06
317,1630205,Lamar Stevens,1610612739,CLE,F,24.0,16,14,0.553,0.88,2.63,0.333,0.362,-0.029
318,1630177,Theo Maledon,1610612760,OKC,G,20.0,13,13,0.557,1.0,2.62,0.382,0.364,0.018
319,1629641,Romeo Langford,1610612738,BOS,G-F,22.0,21,19,0.482,0.81,2.62,0.309,0.358,-0.049
320,101150,Lou Williams,1610612737,ATL,G,35.0,23,22,0.75,0.87,2.61,0.333,0.346,-0.013
321,201609,Goran Dragic,1610612761,TOR,G,35.0,5,5,0.52,1.0,2.6,0.385,0.361,0.023
322,1629656,Quentin Grimes,1610612752,NYK,G,21.0,10,8,0.591,1.2,2.6,0.462,0.387,0.074
323,1630530,Trey Murphy III,1610612740,NOP,F,21.0,25,22,0.542,1.04,2.6,0.4,0.354,0.046
324,203503,Tony Snell,1610612757,POR,G,30.0,22,20,0.553,1.0,2.59,0.386,0.371,0.015
325,1630625,Dalano Banton,1610612761,TOR,F,22.0,27,26,0.579,1.11,2.59,0.429,0.35,0.079
326,203648,Thanasis Antetokounmpo,1610612749,MIL,F,29.0,20,18,0.5,0.95,2.55,0.373,0.344,0.029
327,1630528,Josh Christopher,1610612745,HOU,G,20.0,15,12,0.623,0.73,2.53,0.289,0.362,-0.073
328,1629660,Ty Jerome,1610612760,OKC,G-F,24.0,19,19,0.623,0.79,2.53,0.313,0.352,-0.039
329,203490,Otto Porter Jr.,1610612744,GSW,F,28.0,24,21,0.405,0.75,2.5,0.3,0.347,-0.047
330,1630184,Kira Lewis Jr.,1610612740,NOP,G,20.0,24,21,0.556,1.13,2.5,0.45,0.353,0.097
331,1630182,Josh Green,1610612742,DAL,G,21.0,10,10,0.694,0.8,2.5,0.32,0.365,-0.045
332,203210,JaMychal Green,1610612743,DEN,F-C,31.0,25,24,0.408,0.92,2.48,0.371,0.362,0.009
333,1626163,Frank Kaminsky,1610612756,PHX,F-C,28.0,9,9,0.21,0.67,2.44,0.273,0.335,-0.062
334,1630245,Ayo Dosunmu,1610612741,CHI,G,21.0,25,21,0.517,0.88,2.44,0.361,0.354,0.007
335,2730,Dwight Howard,1610612747,LAL,C-F,36.0,25,20,0.343,0.68,2.44,0.279,0.343,-0.064
336,1629672,Eric Paschall,1610612762,UTA,F,25.0,21,19,0.537,0.81,2.43,0.333,0.363,-0.029
337,1626168,Trey Lyles,1610612765,DET,F,26.0,26,22,0.377,0.92,2.42,0.381,0.342,0.039
338,203524,Solomon Hill,1610612737,ATL,F,30.0,12,11,0.527,1.08,2.42,0.448,0.351,0.097
339,1629655,Daniel Gafford,1610612764,WAS,F-C,23.0,26,22,0.195,1.04,2.42,0.429,0.364,0.064
340,1628539,Mychal Mulder,1610612753,ORL,G,27.0,10,9,0.585,0.9,2.4,0.375,0.356,0.02
341,203085,Austin Rivers,1610612743,DEN,G,29.0,18,16,0.544,0.89,2.39,0.372,0.371,0.001
342,201571,D.J. Augustin,1610612745,HOU,G,34.0,23,21,0.567,0.83,2.39,0.345,0.361,-0.015
343,1629620,Justin Robinson,1610612749,MIL,G,24.0,13,11,0.437,0.69,2.38,0.29,0.332,-0.042
344,1627846,Abdel Nader,1610612756,PHX,F,28.0,14,12,0.508,1.0,2.36,0.424,0.334,0.091
345,201599,DeAndre Jordan,1610612747,LAL,C,33.0,22,19,0.351,0.95,2.36,0.404,0.329,0.075
346,1628021,David Nwaba,1610612745,HOU,G-F,28.0,20,18,0.475,1.0,2.35,0.426,0.357,0.068
347,1630572,Sandro Mamukelashvili,1610612749,MIL,F-C,22.0,12,10,0.431,1.17,2.33,0.5,0.35,0.15
348,1629599,Amir Coffey,1610612746,LAC,G-F,24.0,12,10,0.538,0.67,2.33,0.286,0.363,-0.077
349,1626195,Willy Hernangomez,1610612740,NOP,C-F,27.0,15,13,0.315,0.93,2.33,0.4,0.378,0.022
350,1630631,Jose Alvarado,1610612740,NOP,G,23.0,3,3,0.7,0.33,2.33,0.143,0.31,-0.167
351,1630208,Nick Richards,1610612766,CHA,C,24.0,21,18,0.457,1.14,2.29,0.5,0.362,0.138
352,202954,Brad Wanamaker,1610612754,IND,G,32.0,17,15,0.542,0.88,2.29,0.385,0.359,0.026
353,1628449,Chris Boucher,1610612761,TOR,F-C,28.0,26,22,0.337,0.54,2.27,0.237,0.354,-0.117
354,1629162,Jordan McLaughlin,1610612750,MIN,G,25.0,16,14,0.6,1.0,2.25,0.444,0.362,0.082
355,1629653,Devon Dotson,1610612741,CHI,G,22.0,4,4,0.643,1.0,2.25,0.444,0.378,0.066
356,203488,Mike Muscala,1610612760,OKC,F-C,30.0,20,19,0.381,0.7,2.25,0.311,0.369,-0.058
357,1630686,Georgios Kalaitzakis,1610612749,MIL,F,22.0,4,4,0.5,0.75,2.25,0.333,0.341,-0.008
358,203087,Jeremy Lamb,1610612754,IND,G-F,29.0,21,18,0.475,0.52,2.24,0.234,0.334,-0.1
359,1630198,Isaiah Joe,1610612755,PHI,G,22.0,17,14,0.543,1.0,2.24,0.447,0.364,0.084
360,1627854,Bryn Forbes,1610612759,SAS,G,28.0,25,23,0.644,0.92,2.24,0.411,0.362,0.049
361,1630174,Aaron Nesmith,1610612738,BOS,G-F,22.0,23,19,0.56,1.0,2.22,0.451,0.364,0.087
362,202722,Davis Bertans,1610612764,WAS,F,29.0,18,17,0.43,0.94,2.22,0.425,0.356,0.069
363,1630235,Trent Forrest,1610612762,UTA,G,23.0,18,17,0.727,0.61,2.22,0.275,0.345,-0.07
364,203994,Jusuf Nurkic,1610612757,POR,C,27.0,29,26,0.215,0.93,2.21,0.422,0.356,0.066
365,1630206,Jay Scrubb,1610612746,LAC,G,21.0,5,5,0.524,0.8,2.2,0.364,0.329,0.035
366,202684,Tristan Thompson,1610612758,SAC,C-F,30.0,20,15,0.344,0.85,2.2,0.386,0.344,0.043
367,1628396,Tony Bradley,1610612741,CHI,C-F,23.0,20,15,0.291,0.8,2.2,0.364,0.352,0.011
368,202683,Enes Freedom,1610612738,BOS,C,29.0,17,15,0.385,0.82,2.18,0.378,0.334,0.044
369,1629644,KZ Okpala,1610612748,MIA,F-G,22.0,12,9,0.441,0.58,2.17,0.269,0.366,-0.096
370,1628373,Frank Ntilikina,1610612742,DAL,G,23.0,20,16,0.518,0.45,2.15,0.209,0.379,-0.169
371,1629067,Isaac Bonga,1610612761,TOR,G,22.0,7,6,0.484,0.43,2.14,0.2,0.333,-0.133
372,1629685,Dylan Windler,1610612739,CLE,G-F,25.0,16,11,0.508,0.69,2.06,0.333,0.358,-0.025
373,1630647,Eugene Omoruyi,1610612742,DAL,F,24.0,2,2,0.571,0.5,2.0,0.25,0.323,-0.073
374,1630643,Jay Huff,1610612747,LAL,F,24.0,1,1,0.5,0.0,2.0,0.0,0.147,-0.147
375,1629635,Sekou Doumbouya,1610612747,LAL,F,20.0,2,2,0.667,0.0,2.0,0.0,0.379,-0.379
376,1630466,Gabriel Deck,1610612760,OKC,F,26.0,6,5,0.571,0.67,2.0,0.333,0.276,0.058
377,1630536,Sharife Cooper,1610612737,ATL,G,20.0,1,1,0.667,2.0,2.0,1.0,0.367,0.633
378,1630593,McKinley Wright IV,1610612750,MIN,G,23.0,1,1,1.0,1.0,2.0,0.5,0.287,0.214
379,1629637,Jaxson Hayes,1610612740,NOP,C-F,21.0,20,18,0.408,0.45,2.0,0.225,0.333,-0.108
380,1630583,Santi Aldama,1610612763,MEM,F-C,20.0,13,9,0.634,0.69,2.0,0.346,0.326,0.02
381,202334,Ed Davis,1610612739,CLE,C-F,32.0,10,8,0.408,0.8,2.0,0.4,0.389,0.011
382,203476,Gorgui Dieng,1610612737,ATL,C,31.0,23,19,0.45,0.52,1.96,0.267,0.334,-0.068
383,1630194,Paul Reed,1610612755,PHI,F,22.0,15,13,0.372,0.8,1.93,0.414,0.364,0.05
384,1628975,Jevon Carter,1610612751,BKN,G,26.0,26,21,0.51,0.54,1.92,0.28,0.347,-0.067
385,1630228,Jonathan Kuminga,1610612744,GSW,F,19.0,13,10,0.543,0.54,1.92,0.28,0.363,-0.083
386,1627745,Damian Jones,1610612758,SAC,C,26.0,11,9,0.396,0.82,1.91,0.429,0.333,0.095
387,202326,DeMarcus Cousins,1610612749,MIL,C,31.0,7,7,0.433,0.57,1.86,0.308,0.383,-0.076
388,1629649,Ignas Brazdeikis,1610612753,ORL,F,22.0,12,9,0.468,0.75,1.83,0.409,0.365,0.044
389,1630202,Payton Pritchard,1610612738,BOS,G,23.0,17,16,0.449,0.53,1.82,0.29,0.327,-0.036
390,1630210,Markus Howard,1610612743,DEN,G,22.0,10,9,0.643,0.5,1.8,0.278,0.372,-0.094
391,1630209,Omer Yurtseven,1610612748,MIA,C,23.0,15,14,0.386,0.6,1.8,0.333,0.31,0.023
392,1629744,Matt Thomas,1610612741,CHI,G,27.0,5,2,0.45,0.8,1.8,0.444,0.428,0.016
393,1630549,Day'Ron Sharpe,1610612751,BKN,F,20.0,8,6,0.538,0.75,1.75,0.429,0.387,0.042
394,1630219,Skylar Mays,1610612737,ATL,G,24.0,4,4,0.636,0.5,1.75,0.286,0.274,0.011
395,1628993,Alize Johnson,1610612741,CHI,F,25.0,15,10,0.448,0.8,1.73,0.462,0.349,0.112
396,1630688,Ish Wainright,1610612756,PHX,F,27.0,7,7,0.545,0.29,1.71,0.167,0.316,-0.15
397,1630586,Usman Garuba,1610612745,HOU,F,19.0,7,5,0.571,0.86,1.71,0.5,0.307,0.193
398,1628427,Vlatko Cancar,1610612743,DEN,F,24.0,7,5,0.462,0.71,1.71,0.417,0.33,0.086
399,1629650,Moses Brown,1610612742,DAL,C,22.0,10,6,0.34,0.7,1.7,0.412,0.343,0.069
400,1626159,Justise Winslow,1610612746,LAC,F-G,25.0,16,13,0.397,0.69,1.69,0.407,0.36,0.047
401,1629671,Miye Oni,1610612762,UTA,G-F,24.0,6,5,0.625,0.67,1.67,0.4,0.326,0.074
402,203469,Cody Zeller,1610612757,POR,F-C,29.0,24,18,0.296,0.67,1.67,0.4,0.362,0.038
403,1630250,Marko Simonovic,1610612741,CHI,C,22.0,3,3,0.5,0.33,1.67,0.2,0.14,0.06
404,1626161,Willie Cauley-Stein,1610612742,DAL,C,28.0,18,13,0.349,0.56,1.67,0.333,0.342,-0.009
405,1630241,Sam Merrill,1610612763,MEM,G,25.0,5,5,0.471,0.4,1.6,0.25,0.366,-0.116
406,1630563,Joshua Primo,1610612759,SAS,G,18.0,7,6,0.333,0.43,1.57,0.273,0.39,-0.117
407,1630195,Leandro Bolmaro,1610612750,MIN,F,21.0,14,11,0.512,0.43,1.57,0.273,0.366,-0.093
408,1630543,Isaiah Jackson,1610612754,IND,F,19.0,7,6,0.5,0.71,1.57,0.455,0.345,0.109
409,1627756,Denzel Valentine,1610612739,CLE,G,28.0,9,8,0.538,0.33,1.56,0.214,0.343,-0.128
410,1629681,Killian Tillie,1610612763,MEM,F-C,23.0,13,8,0.408,0.62,1.54,0.4,0.361,0.039
411,1630557,Corey Kispert,1610612764,WAS,F,22.0,24,22,0.435,0.42,1.54,0.27,0.353,-0.083
412,1629676,Isaiah Roby,1610612760,OKC,F,23.0,13,10,0.317,0.54,1.54,0.35,0.339,0.011
413,1630568,Luka Garza,1610612765,DET,C,22.0,15,10,0.307,0.67,1.53,0.435,0.353,0.081
414,202083,Wesley Matthews,1610612749,MIL,G,35.0,4,3,0.75,0.25,1.5,0.167,0.394,-0.228
415,1630551,Justin Champagnie,1610612761,TOR,G-F,20.0,12,9,0.429,0.42,1.5,0.278,0.332,-0.054
416,1630540,Miles McBride,1610612752,NYK,G,21.0,4,2,0.667,0.25,1.5,0.167,0.33,-0.163
417,1630201,Malachi Flynn,1610612761,TOR,G,23.0,18,15,0.551,0.56,1.5,0.37,0.348,0.022
418,1630230,Naji Marshall,1610612740,NOP,F,23.0,17,14,0.532,0.53,1.47,0.36,0.358,0.002
419,1629669,Jaylen Nowell,1610612750,MIN,G,22.0,13,10,0.514,0.69,1.46,0.474,0.407,0.067
420,1630535,Greg Brown III,1610612757,POR,F,20.0,9,7,0.565,0.22,1.44,0.154,0.32,-0.167
421,1630570,Trendon Watford,1610612757,POR,F,21.0,7,5,0.476,1.0,1.43,0.7,0.302,0.398
422,1626246,Boban Marjanovic,1610612742,DAL,C,33.0,13,10,0.36,0.54,1.38,0.389,0.324,0.064
423,1629626,Bol Bol,1610612743,DEN,C-F,22.0,8,4,0.5,0.5,1.38,0.364,0.335,0.029
424,1629604,CJ Elleby,1610612757,POR,F-G,21.0,8,5,0.556,0.25,1.25,0.2,0.318,-0.118
425,1630539,Kai Jones,1610612766,CHA,C-F,20.0,4,3,0.5,0.25,1.25,0.2,0.332,-0.132
426,1629048,Goga Bitadze,1610612754,IND,C-F,22.0,13,8,0.242,0.23,1.23,0.188,0.338,-0.151
427,1630553,Keon Johnson,1610612746,LAC,G,19.0,5,3,0.667,0.2,1.2,0.167,0.325,-0.158
428,1627774,Jake Layman,1610612750,MIN,F,27.0,6,3,0.583,0.0,1.17,0.0,0.298,-0.298
429,1630186,Jahmi'us Ramsey,1610612758,SAC,G,20.0,6,5,0.412,0.33,1.17,0.286,0.357,-0.071
430,1630215,Jared Butler,1610612762,UTA,G,21.0,15,11,0.515,0.2,1.13,0.176,0.264,-0.088
431,1630233,Nathan Knight,1610612750,MIN,F-C,24.0,9,5,0.435,0.22,1.11,0.2,0.409,-0.209
432,1630525,David Johnson,1610612761,TOR,G,20.0,1,1,0.5,0.0,1.0,0.0,0.0,0.0
433,1630582,Yves Pons,1610612763,MEM,F,22.0,2,1,0.4,0.0,1.0,0.0,0.376,-0.376
434,1629605,Tacko Fall,1610612739,CLE,C,26.0,5,4,0.556,0.4,1.0,0.4,0.361,0.039
435,1630585,Marcus Garrett,1610612748,MIA,G,23.0,2,1,0.5,1.0,1.0,1.0,0.356,0.644
436,1630249,Vit Krejci,1610612760,OKC,G,21.0,1,1,0.25,0.0,1.0,0.0,0.406,-0.406
437,1626155,Sam Dekker,1610612761,TOR,F,27.0,1,1,0.5,1.0,1.0,1.0,0.304,0.696
438,1630288,Jeff Dowtin,1610612744,GSW,G,24.0,1,1,1.0,0.0,1.0,0.0,0.397,-0.397
439,201572,Brook Lopez,1610612749,MIL,C,33.0,1,1,0.091,1.0,1.0,1.0,0.488,0.512
440,1629083,Arnoldas Kulboka,1610612766,CHA,F,23.0,1,1,1.0,0.0,1.0,0.0,0.353,-0.353
441,1629109,Gary Clark,1610612740,NOP,F,27.0,1,1,1.0,0.0,1.0,0.0,0.318,-0.318
442,1630271,Brodric Thomas,1610612738,BOS,G,24.0,2,2,1.0,0.0,1.0,0.0,0.356,-0.356
443,1628990,Chandler Hutchison,1610612756,PHX,F-G,25.0,1,1,1.0,1.0,1.0,1.0,0.26,0.74
444,1630579,Jericho Sims,1610612752,NYK,C,23.0,7,4,0.368,0.29,1.0,0.286,0.34,-0.054
445,1630541,Moses Moody,1610612744,GSW,G,19.0,14,10,0.519,0.36,1.0,0.357,0.315,0.042
446,1629633,Jarrett Culver,1610612763,MEM,G-F,22.0,10,6,0.4,0.6,1.0,0.6,0.374,0.226
447,1629712,Didi Louzada,1610612740,NOP,G,22.0,1,1,0.5,0.0,1.0,0.0,0.31,-0.31
448,1630188,Jalen Smith,1610612756,PHX,F-C,21.0,7,3,0.28,0.29,1.0,0.286,0.322,-0.036
449,1629833,Keljin Blevins,1610612757,POR,G,26.0,3,2,0.75,0.33,1.0,0.333,0.393,-0.059
450,203585,Rodney McGruder,1610612765,DET,G,30.0,8,5,0.421,0.13,1.0,0.125,0.41,-0.285
451,1627822,Petr Cornelie,1610612743,DEN,F,26.0,7,4,0.429,0.14,0.86,0.167,0.249,-0.083
452,1628981,Bruno Fernando,1610612738,BOS,F-C,23.0,7,4,0.462,0.43,0.86,0.5,0.36,0.14
453,2617,Udonis Haslem,1610612748,MIA,F,41.0,4,2,0.5,0.0,0.75,0.0,0.35,-0.35
454,1630698,Kevin Pangos,1610612739,CLE,G,28.0,7,3,0.455,0.43,0.71,0.6,0.346,0.254
455,1629646,Charles Bassey,1610612755,PHI,C-F,21.0,9,4,0.188,0.22,0.67,0.333,0.38,-0.047
456,1630190,Elijah Hughes,1610612762,UTA,G,23.0,3,2,0.4,0.33,0.67,0.5,0.399,0.101
457,1630264,Anthony Gill,1610612764,WAS,F,29.0,9,4,0.353,0.11,0.67,0.167,0.275,-0.108
458,1630555,Joel Ayayi,1610612764,WAS,G,21.0,3,2,0.5,0.0,0.67,0.0,0.314,-0.314
459,1627823,Juancho Hernangomez,1610612738,BOS,F,26.0,11,6,0.389,0.18,0.64,0.286,0.33,-0.044
460,1630216,Cassius Winston,1610612764,WAS,G,23.0,2,1,0.5,0.0,0.5,0.0,0.0,0.0
461,1629111,Jock Landale,1610612759,SAS,C,26.0,6,3,0.273,0.17,0.5,0.333,0.343,-0.009
462,1629076,Tyler Cook,1610612741,CHI,F,24.0,2,1,0.2,0.5,0.5,1.0,0.404,0.596
463,1630580,Joe Wieskamp,1610612759,SAS,G-F,22.0,2,1,0.5,0.0,0.5,0.0,0.313,-0.313
464,1630238,Malik Fitts,1610612762,UTA,F,24.0,4,2,0.4,0.5,0.5,1.0,0.361,0.64
465,1628962,Udoka Azubuike,1610612762,UTA,C-F,22.0,2,1,0.2,0.0,0.5,0.0,0.323,-0.323
466,1630225,Isaiah Todd,1610612764,WAS,F,20.0,4,2,0.286,0.25,0.5,0.5,0.219,0.282
